Particle ID,Area (ABD),Area (Filled),Aspect Ratio,Calibration Factor,Calibration Image,Camera,Capture X,Capture Y,Circle Fit,Circularity,Circularity (Hu),Compactness,Convex Perimeter,Convexity,Date,Diameter (ABD),Diameter (ESD),Diameter (FD),Edge Gradient,Elapsed Time,Elongation,Feret Angle Max,Feret Angle Min,Fiber Curl,Fiber Straightness,Filter Score,Geodesic Aspect Ratio,Geodesic Length,Geodesic Thickness,Image File,Image Height,Image Width,Image X,Image Y,Intensity,Length,Original Reference ID,Particles Per Chain,Perimeter,Roughness,Sigma Intensity,Source Image,Sphere Complement,Sphere Count,Sphere Unknown,Sphere Volume,Sum Intensity,Symmetry,Time,Timestamp,Transparency,Volume (ABD),Volume (ESD),Width
1,21843.6826,21843.6826,0.6161,9.3032,1,1,643,1770,0.6766,0.8552,0.8861,1.1693,639.1150,1.0000,2021-10-21,166.7700,184.2555,166.7700,180.5231,3.7040,1.0000,-80.0000,0.0000,0.0000,1.3914,0.0000,1.0000,177.1883,177.1883,294-032502 st2 4 juni 2021 50 m halv_000001.tif,34,22,0,0,29.8532,246.5348,10AE01CB-61F2-4289-82ED-36CDA8FB0E3D,1,708.7531,1.1090,18.3985,32,0.0000,0,0.0000,0.0000,11792.0000,0.8440,05:26:21,2021-10-21T05:26:21.089,0.0949,2.428581e+06,3.275365e+06,125.5932
2,98727.8879,98727.8879,0.4195,9.3032,1,1,634,1667,0.0438,0.1958,0.4664,5.1062,1754.1063,0.6304,2021-10-21,354.5480,539.0683,354.5480,137.5637,3.7040,13.9701,70.0000,-20.0000,0.9203,0.5207,0.0000,0.0716,1313.0813,93.9924,294-032502 st2 4 juni 2021 50 m halv_000001.tif,82,53,24,0,32.8766,683.7852,FC0CC39B-284C-4481-BAD3-1BCA4554BFC5,2,2814.1473,1.6043,21.6384,32,0.0000,0,0.0000,0.0000,46882.0000,0.0916,05:26:21,2021-10-21T05:26:21.089,0.3423,2.333585e+07,8.202195e+07,358.1732
3,25961.1010,25961.1010,0.4491,9.3032,1,1,638,1555,0.1179,0.0837,0.1436,11.9528,1594.4773,0.2372,2021-10-21,181.8095,487.6430,181.8095,108.5263,3.7040,35.5228,35.0000,-65.0000,0.9097,0.5236,0.0000,0.0282,1181.4465,33.2588,294-032502 st2 4 juni 2021 50 m halv_000001.tif,57,60,79,0,68.8370,618.6628,0D904E1A-FE82-49A7-ACA6-E6919E82C948,3,2429.4107,1.5236,19.2140,32,0.0000,0,0.0000,0.0000,31252.0000,0.4790,05:26:21,2021-10-21T05:26:21.089,0.6272,3.146650e+06,6.071622e+07,348.8700
4,75666.8656,75666.8656,0.3718,9.3032,1,1,123,1562,0.0219,0.2665,0.4859,3.7519,1880.7563,0.5213,2021-10-21,310.3902,578.8656,310.3902,127.8060,3.7040,9.6837,10.0000,-80.0000,0.3135,0.7613,0.0000,0.1033,971.4529,100.3186,294-032502 st2 4 juni 2021 50 m halv_000001.tif,51,87,141,0,34.6687,739.6044,B0F54709-B7C5-4F92-8B36-F3CDB221EDC6,2,2143.5429,1.1397,20.5733,32,0.0000,0,0.0000,0.0000,39037.0000,0.3417,05:26:21,2021-10-21T05:26:21.089,0.4638,1.565750e+07,1.015621e+08,358.1732
5,74599.6287,74599.6287,0.7988,9.3032,1,1,68,1490,0.7940,0.8166,0.9686,1.2245,1084.8796,0.9929,2021-10-21,308.1934,326.1293,308.1934,106.6018,3.7040,1.0000,20.0000,-60.0000,0.0000,1.2078,0.0000,1.0000,304.2407,304.2407,294-032502 st2 4 juni 2021 50 m halv_000001.tif,43,45,230,0,44.2239,367.4764,848B3D99-892E-4235-BFB6-E014F3196D01,1,1216.9628,1.1217,17.8853,32,0.0000,0,0.0000,0.0000,49177.0000,0.8189,05:26:21,2021-10-21T05:26:21.089,0.0550,1.532741e+07,1.816218e+07,274.4444
6,126623.4193,126623.4193,0.7459,9.3032,1,1,800,1478,0.2654,0.2624,0.7224,3.8113,1769.9496,0.6485,2021-10-21,401.5245,543.7199,401.5245,131.5385,3.7040,9.8724,-65.0000,55.0000,1.0575,0.4860,0.0000,0.1013,1234.6432,125.0599,294-032502 st2 4 juni 2021 50 m halv_000001.tif,67,69,277,0,39.7293,600.0564,604995F7-8995-426A-BB9B-4CCC29E07FEB,2,2719.4063,1.5364,26.6200,32,0.0000,0,0.0000,0.0000,70877.0000,0.1811,05:26:21,2021-10-21T05:26:21.089,0.2615,3.389494e+07,8.416362e+07,488.4180
7,72924.3921,72924.3921,0.3308,9.3032,1,1,471,1422,0.0000,0.1402,0.3391,7.1338,2542.0166,0.3348,2021-10-21,304.7133,789.9970,304.7133,118.9081,3.7040,20.3624,-90.0000,-10.0000,0.2162,0.8223,0.0000,0.0491,1385.9910,68.0661,294-032502 st2 4 juni 2021 50 m halv_000001.tif,132,51,348,0,38.2220,1139.6420,B26FA54F-17F6-474C-8080-7AC38A9FCF46,2,2908.1143,1.1440,23.7678,32,0.0000,0,0.0000,0.0000,41662.0000,0.3130,05:26:21,2021-10-21T05:26:21.089,0.6143,1.481402e+07,2.581517e+08,330.2636
8,227549.4666,241537.3704,0.6278,9.3032,1,1,262,1393,0.0000,0.0220,0.2319,45.5392,4624.5295,0.2200,2021-10-21,538.2611,1453.3664,554.5583,110.8103,3.7040,141.0587,-55.0000,5.0000,2.8449,0.2601,0.0000,0.0071,6277.6777,44.5040,294-032502 st2 4 juni 2021 50 m halv_000001.tif,193,154,401,0,63.0390,1632.7116,4646668E-4AB4-4228-91F6-6CFB6C60BFBB,15,12644.3633,2.7342,20.0349,32,0.0000,0,0.0000,0.0000,192521.0000,0.1659,05:26:21,2021-10-21T05:26:21.089,0.6296,8.165401e+07,1.607400e+09,1167.5516
9,328922.3096,330141.7395,0.4186,9.3032,1,1,409,1146,0.0000,0.1198,0.4307,8.3502,4282.3206,0.3534,2021-10-21,647.1452,1341.9866,648.3437,158.0797,3.7040,24.1915,-60.0000,25.0000,0.8967,0.5272,0.0000,0.0413,3008.5438,124.3637,294-032502 st2 4 juni 2021 50 m halv_000001.tif,158,140,557,0,33.5536,1586.1956,86108E76-A24D-495A-A035-35BD492F3008,3,6265.8150,1.4632,24.4008,32,0.0000,0,0.0000,0.0000,144549.0000,0.1634,05:26:21,2021-10-21T05:26:21.089,0.5178,1.419070e+08,1.265445e+09,1065.2164
10,114971.7017,114971.7017,0.6273,9.3032,1,1,599,1007,0.5302,0.5711,0.8556,1.7511,1460.9913,0.9096,2021-10-21,382.6049,446.0363,382.6049,135.1341,3.7040,3.1877,15.0000,-80.0000,0.2778,0.7826,0.0000,0.3137,671.6256,210.6955,294-032502 st2 4 juni 2021 50 m halv_000001.tif,49,62,699,0,30.8752,525.6308,2CE52F79-A8AF-419C-A8D4-A6DECC6363D3,1,1764.6421,1.2078,22.1956,32,0.0000,0,0.0000,0.0000,50481.0000,0.5566,05:26:21,2021-10-21T05:26:21.089,0.1422,2.932583e+07,4.646323e+07,348.8700
11,36904.3395,36904.3395,0.5960,9.3032,1,1,552,903,0.5068,0.6163,0.8104,1.6227,856.0907,0.9470,2021-10-21,216.7673,253.2536,216.7673,161.4388,3.7040,2.7318,40.0000,-40.0000,0.2156,0.8227,0.0000,0.3661,378.8369,138.6760,294-032502 st2 4 juni 2021 50 m halv_000001.tif,38,31,763,0,40.3888,311.6572,23AAA122-9E28-4FF0-B874-98C54292A3AA,1,1035.0257,1.2090,26.2903,32,0.0000,0,0.0000,0.0000,24516.0000,0.3913,05:26:21,2021-10-21T05:26:21.089,0.1441,5.333103e+06,8.504825e+06,190.7156
12,252006.8380,256844.0098,0.3063,9.3032,1,1,735,898,0.0000,0.1535,0.1751,6.5163,3641.1543,0.4002,2021-10-21,566.4495,1139.6420,571.8601,135.9513,3.7040,18.4173,70.0000,-15.0000,0.5730,0.6357,0.0000,0.0543,2334.1620,126.7377,294-032502 st2 4 juni 2021 50 m halv_000001.tif,168,89,796,0,38.7901,1483.8604,435A5A00-F0B9-4E59-A468-193736B1986F,2,4921.7993,1.3517,23.7866,32,0.0000,0,0.0000,0.0000,130257.0000,0.4656,05:26:21,2021-10-21T05:26:21.089,0.5030,9.516610e+07,7.750040e+08,655.8756
13,101206.6047,101206.6047,0.4748,9.3032,1,1,734,739,0.1187,0.2315,0.5551,4.3195,1931.2569,0.5788,2021-10-21,358.9711,594.8875,358.9711,177.9536,3.7040,11.4831,65.0000,0.0000,0.4621,0.6840,0.0000,0.0871,1203.7629,104.8290,294-032502 st2 4 juni 2021 50 m halv_000001.tif,91,43,887,0,38.3436,823.3332,428CF67C-0561-4192-8670-7CB62D205F4F,1,2617.1837,1.3552,24.3870,32,0.0000,0,0.0000,0.0000,55905.0000,0.6632,05:26:21,2021-10-21T05:26:21.089,0.3966,2.422016e+07,1.102309e+08,320.9604
14,70491.8476,70491.8476,0.3704,9.3032,1,1,631,708,0.0000,0.1943,0.4570,5.1465,1957.0212,0.5468,2021-10-21,299.5881,603.4158,299.5881,116.1803,3.7040,14.0974,-60.0000,35.0000,0.3800,0.7247,0.0000,0.0709,1136.1743,80.5945,294-032502 st2 4 juni 2021 50 m halv_000001.tif,81,58,932,0,43.6786,823.3332,DC0AF917-69B2-4062-9DF8-8DCB49511600,1,2433.5376,1.2435,27.0875,32,0.0000,0,0.0000,0.0000,46212.0000,0.4678,05:26:21,2021-10-21T05:26:21.089,0.5035,1.407901e+07,1.150399e+08,348.8700
15,60589.8941,60589.8941,0.4918,9.3032,1,1,210,620,0.0000,0.2582,0.5942,3.8731,1815.8367,0.4866,2021-10-21,277.7507,559.2256,277.7507,134.2350,3.7040,10.0683,-40.0000,40.0000,0.1299,0.8850,0.0000,0.0993,898.7751,89.2675,294-032502 st2 4 juni 2021 50 m halv_000001.tif,63,74,992,0,39.0928,795.4236,F8B98621-9330-4907-867F-5531A5C81213,2,1976.0853,1.0883,24.1047,32,0.0000,0,0.0000,0.0000,36239.0000,0.2961,05:26:21,2021-10-21T05:26:21.089,0.5033,1.121926e+07,9.157137e+07,348.8700
16,186660.2571,186660.2571,0.8401,9.3032,1,1,146,110,0.5127,0.3868,0.9120,2.5851,1850.4251,0.8561,2021-10-21,487.5071,568.7874,487.5071,88.7602,3.7040,5.9534,60.0000,-85.0000,0.8229,0.5486,0.0000,0.1680,1144.6951,192.2743,294-032502 st2 4 juni 2021 50 m halv_000001.tif,69,69,1068,0,28.1589,627.9660,77E5B6FF-8C82-4201-B2AA-0B416A9454A1,3,2673.9388,1.4450,21.2517,32,0.0000,0,0.0000,0.0000,71608.0000,0.4122,05:26:21,2021-10-21T05:26:21.089,0.1429,6.066547e+07,9.634930e+07,516.3276
17,49457.1145,49457.1145,0.3882,9.3032,1,1,603,1832,0.2354,0.5303,0.6314,1.8858,1059.5787,0.9345,2021-10-21,250.9397,318.1173,250.9397,145.4336,3.8130,3.6504,55.0000,-35.0000,0.1219,0.8913,0.0000,0.2739,495.7866,135.8156,294-032502 st2 4 juni 2021 50 m halv_000001.tif,48,38,1139,0,33.3779,441.9020,BD81BDB9-B22C-4A88-97D3-4CD1EAA96F2D,1,1263.2043,1.1922,18.8166,33,0.0000,0,0.0000,0.0000,25968.0000,0.2450,05:26:21,2021-10-21T05:26:21.200,0.2112,8.273837e+06,1.685624e+07,162.8060
18,65642.4111,65642.4111,0.3792,9.3032,1,1,271,1583,0.0000,0.1109,0.3123,9.0201,1786.9875,0.4801,2021-10-21,289.0995,549.4061,289.0995,87.4369,3.8130,26.2996,50.0000,-55.0000,0.9363,0.5164,0.0000,0.0380,1504.1806,57.1941,294-032502 st2 4 juni 2021 50 m halv_000001.tif,75,65,0,195,57.8229,776.8172,15466533-B488-4784-B966-74C4BF8A8667,4,3122.7493,1.7475,19.0906,33,0.0000,0,0.0000,0.0000,57476.0000,0.0960,05:26:21,2021-10-21T05:26:21.200,0.4738,1.265146e+07,8.683183e+07,274.4444
19,44800.5517,44800.5517,0.7722,9.3032,1,1,642,1484,0.8032,0.9340,0.9664,1.0707,838.0118,1.0000,2021-10-21,238.8343,247.0521,238.8343,204.4167,3.8130,1.0000,65.0000,0.0000,0.0000,1.2438,0.0000,1.0000,228.1221,228.1221,294-032502 st2 4 juni 2021 50 m halv_000001.tif,38,31,67,195,28.7748,283.7476,12B17B61-67F0-46DA-BAA2-6D06115A7AA3,1,912.4886,1.0889,19.9078,33,0.0000,0,0.0000,0.0000,20574.0000,0.9202,05:26:21,2021-10-21T05:26:21.200,0.0333,7.133273e+06,7.895217e+06,209.3220
20,103455.6869,109517.3031,0.8244,9.3032,1,1,1017,1227,0.4225,0.3381,0.8703,2.9581,1617.4571,0.7987,2021-10-21,362.9378,495.6540,373.4190,107.4862,3.8130,7.1534,35.0000,-75.0000,0.7489,0.5718,0.0000,0.1398,984.3428,137.6045,294-032502 st2 4 juni 2021 50 m halv_000001.tif,54,64,100,195,32.5414,562.8436,9DD4B919-D55D-45DE-B4C6-ABC4978F5F54,1,2243.8946,1.3873,26.4706,33,0.0000,0,0.0000,0.0000,48389.0000,0.3905,05:26:21,2021-10-21T05:26:21.200,0.2678,2.503199e+07,6.375798e+07,386.0828
21,220887.8274,220887.8274,0.7500,9.3032,1,1,538,1183,0.0665,0.1831,0.6301,5.4623,2356.7824,0.6400,2021-10-21,530.3236,731.0762,530.3236,160.1387,3.8130,15.0939,0.0000,-65.0000,1.4202,0.4132,0.0000,0.0663,1970.0846,130.5216,294-032502 st2 4 juni 2021 50 m halv_000001.tif,89,96,166,195,32.2625,814.0300,91722360-90DF-48C3-8AA5-5609C506DF89,1,4201.2126,1.7826,23.6413,33,0.0000,0,0.0000,0.0000,95852.0000,0.1470,05:26:21,2021-10-21T05:26:21.200,0.2746,7.809468e+07,2.045910e+08,665.1788
22,66928.4286,66928.4286,0.6620,9.3032,1,1,791,1028,0.5942,0.6259,0.8723,1.5976,1127.8148,0.9149,2021-10-21,291.9177,340.3418,291.9177,137.7398,3.8130,2.6403,-45.0000,60.0000,0.1610,0.8613,0.0000,0.3787,480.6592,182.0449,294-032502 st2 4 juni 2021 50 m halv_000001.tif,41,46,264,195,35.3403,413.9924,3BCDB412-FC00-4F82-B587-9AAEB28C3B4D,1,1325.4083,1.1752,23.4728,33,0.0000,0,0.0000,0.0000,35729.0000,0.6679,05:26:21,2021-10-21T05:26:21.200,0.1423,1.302506e+07,2.064165e+07,283.7476
23,58186.2659,58186.2659,0.6575,9.3032,1,1,908,939,0.4226,0.4765,0.8047,2.0988,1203.2331,0.7913,2021-10-21,272.1857,364.1170,272.1857,120.6222,3.8130,4.3645,10.0000,-80.0000,0.2887,0.7760,0.0000,0.2291,581.4476,133.2224,294-032502 st2 4 juni 2021 50 m halv_000001.tif,37,55,312,195,40.8335,451.2052,9B269FEA-F887-4DD4-9D19-342B5281CE8F,2,1429.3399,1.1879,26.0334,33,0.0000,0,0.0000,0.0000,36546.0000,0.4496,05:26:21,2021-10-21T05:26:21.200,0.2525,1.055831e+07,2.527677e+07,255.8380
24,50496.3354,50496.3354,0.6669,9.3032,1,1,1005,884,0.6897,0.8844,0.9179,1.1307,911.0205,1.0000,2021-10-21,253.5625,271.8600,253.5625,230.2826,3.8130,1.0000,-60.0000,20.0000,0.0000,1.3763,0.0000,1.0000,246.7285,246.7285,294-032502 st2 4 juni 2021 50 m halv_000001.tif,41,32,369,195,24.8131,339.5668,66EE4D7D-3BCC-4CB5-9963-D661A9C66261,1,986.9142,1.0833,18.2291,33,0.0000,0,0.0000,0.0000,19652.0000,0.8338,05:26:21,2021-10-21T05:26:21.200,0.0673,8.535984e+06,1.052045e+07,209.3220
25,42595.4645,42595.4645,0.5513,9.3032,1,1,741,448,0.4365,0.6014,0.7784,1.6628,963.4999,0.8839,2021-10-21,232.8824,286.5907,232.8824,158.2574,3.8130,2.8763,25.0000,-75.0000,0.0960,0.9124,0.0000,0.3477,412.9462,143.5694,294-032502 st2 4 juni 2021 50 m halv_000001.tif,32,45,403,195,38.1036,376.7796,DE80B27E-C938-4D94-AD81-DCFE02A238C0,1,1113.0311,1.1552,24.4415,33,0.0000,0,0.0000,0.0000,26101.0000,0.4691,05:26:21,2021-10-21T05:26:21.200,0.1874,6.613157e+06,1.232494e+07,200.0188
26,32215.0266,32215.0266,0.1989,9.3032,1,1,290,371,0.0000,0.2178,0.2409,4.5921,1337.3006,0.6110,2021-10-21,202.5276,406.4977,202.5276,133.8553,3.8130,12.3456,-55.0000,40.0000,0.2882,0.7763,0.0000,0.0810,761.0067,61.6418,294-032502 st2 4 juni 2021 50 m halv_000001.tif,57,51,450,195,54.7989,590.7532,CFDF003F-A59B-4647-85DA-BA3D233C200A,1,1645.2970,1.2303,21.0466,33,0.0000,0,0.0000,0.0000,29701.0000,0.1787,05:26:21,2021-10-21T05:26:21.200,0.5018,4.349622e+06,3.517005e+07,134.8964
27,243549.5234,243549.5234,0.4928,9.3032,1,1,158,81,0.2669,0.2778,0.6936,3.5998,2359.0078,0.7024,2021-10-21,556.8634,731.0762,556.8634,78.8399,3.8130,9.2003,-45.0000,30.0000,0.8503,0.5405,0.0000,0.1087,1609.4440,174.9335,294-032502 st2 4 juni 2021 50 m halv_000001.tif,94,81,503,195,32.0470,869.8492,3D8B6B18-3A6C-48D8-BB2A-FE7CFDE04015,3,3568.7550,1.5128,23.4328,33,0.0000,0,0.0000,0.0000,104249.0000,0.4908,05:26:21,2021-10-21T05:26:21.200,0.2383,9.041588e+07,2.045910e+08,525.6308
28,43476.4907,43476.4907,0.4326,9.3032,1,1,329,1808,0.3219,0.4342,0.6617,2.3029,1097.4771,0.8610,2021-10-21,235.2785,327.9378,235.2785,124.0847,3.9220,5.0364,-75.0000,30.0000,0.2473,0.8017,0.0000,0.1986,551.1970,109.4437,294-032502 st2 4 juni 2021 50 m halv_000001.tif,53,40,586,195,33.4634,441.9020,252044DF-8DEE-4088-AF70-68724B92B004,1,1321.2814,1.2039,19.2395,34,0.0000,0,0.0000,0.0000,23324.0000,0.5011,05:26:21,2021-10-21T05:26:21.313,0.2826,6.819390e+06,1.846601e+07,181.4124
29,118719.3067,118719.3067,0.7464,9.3032,1,1,609,1705,0.3896,0.4820,0.8822,2.0749,1748.9542,0.7163,2021-10-21,388.7906,537.0012,388.7906,111.9213,3.9220,4.2850,-75.0000,15.0000,0.2581,0.7948,0.0000,0.2334,790.0453,184.3728,294-032502 st2 4 juni 2021 50 m halv_000001.tif,74,57,628,195,33.4528,627.9660,2D6D36BB-F6C9-441D-A6EA-D2F6CF907859,2,1948.8362,1.1143,21.3609,34,0.0000,0,0.0000,0.0000,56301.0000,0.4707,05:26:21,2021-10-21T05:26:21.313,0.2760,3.077130e+07,8.108198e+07,404.6892
30,69125.7836,70491.8476,0.6066,9.3032,1,1,957,1630,0.5813,0.6209,0.8627,1.6104,1165.0583,0.9152,2021-10-21,296.6710,352.2294,299.5881,139.8626,3.9220,2.6872,-25.0000,75.0000,0.1719,0.8533,0.0000,0.3721,496.0539,184.5957,294-032502 st2 4 juni 2021 50 m halv_000001.tif,38,50,687,195,41.7154,423.2956,ACB9B28E-A93B-44AF-95DA-29827D85FD8F,1,1361.2991,1.1684,27.8200,34,0.0000,0,0.0000,0.0000,43384.0000,0.7812,05:26:21,2021-10-21T05:26:21.313,0.1577,1.367174e+07,2.288102e+07,255.8380
31,213031.7560,217439.4848,0.7414,9.3032,1,1,384,1530,0.0000,0.0313,0.1785,31.9301,3998.3991,0.2086,2021-10-21,520.8075,1254.3812,526.1678,110.8108,3.9220,98.3012,-80.0000,-30.0000,2.6872,0.2712,0.0000,0.0102,4991.1128,50.7737,294-032502 st2 4 juni 2021 50 m halv_000001.tif,167,141,739,195,48.4880,1353.6156,8D54B838-C118-4BEE-8C17-46ED10DEABE0,18,10083.7729,2.5220,24.0370,34,0.0000,0,0.0000,0.0000,139306.0000,0.0900,05:26:21,2021-10-21T05:26:21.313,0.5848,7.396569e+07,1.033445e+09,1139.6420
32,61492.8869,61492.8869,0.3166,9.3032,1,1,286,1504,0.0000,0.2776,0.4491,3.6021,1653.3852,0.6932,2021-10-21,279.8128,507.7994,279.8128,139.5393,3.9220,9.2079,0.0000,70.0000,0.1551,0.8657,0.0000,0.1086,865.0565,93.9476,294-032502 st2 4 juni 2021 50 m halv_000001.tif,34,89,882,195,38.6944,748.9076,C005747C-B96C-444C-A96F-B7F6C92C1798,1,1918.0082,1.1600,20.6601,34,0.0000,0,0.0000,0.0000,36334.0000,0.3693,05:26:21,2021-10-21T05:26:21.313,0.4490,1.147100e+07,6.856067e+07,190.7156
33,1615060.9453,1664182.5504,0.3588,9.3032,1,1,539,1153,0.0000,0.0806,0.4498,12.4056,7225.4354,0.5642,2021-10-21,1434.0012,2280.0590,1455.6452,124.4445,3.9220,36.9463,65.0000,0.0000,1.7310,0.3662,0.0000,0.0271,8066.7719,218.3380,294-032502 st2 4 juni 2021 50 m halv_000001.tif,318,146,973,195,47.4298,2953.7660,2E0ABE8F-0A5A-4AE1-B386-2B95CF4A3DC2,4,16570.2198,2.2933,24.0811,34,0.0000,0,0.0000,0.0000,937497.0000,0.1301,05:26:21,2021-10-21T05:26:21.313,0.3711,1.544000e+09,6.206358e+09,1279.1900
34,46865.9770,46865.9770,0.6960,9.3032,1,1,118,771,0.0000,0.2133,0.2954,4.6890,2087.1515,0.3048,2021-10-21,244.2777,645.0216,244.2777,149.3073,3.9220,12.6519,-25.0000,65.0000,0.0152,0.9850,0.0000,0.0790,901.9963,71.2933,294-032502 st2 4 juni 2021 50 m halv_000001.tif,64,97,0,515,43.0781,888.4556,2369B209-D905-4BAC-BB3C-296B1716A33A,4,1946.5792,0.9326,21.4690,34,0.0000,0,0.0000,0.0000,32007.0000,0.2439,05:26:21,2021-10-21T05:26:21.313,0.6213,7.632210e+06,1.405146e+08,386.0828
35,35817.5561,35817.5561,0.8280,9.3032,1,1,445,711,0.6418,0.6611,0.9217,1.5127,839.1245,0.9389,2021-10-21,213.5517,246.7934,213.5517,180.7826,3.9220,2.3217,30.0000,-85.0000,0.1407,0.8766,0.0000,0.4307,344.9001,148.5570,294-032502 st2 4 juni 2021 50 m halv_000001.tif,31,36,99,515,30.2584,302.3540,A81F194A-0126-46D6-9D14-3DFCCB29614D,1,986.9142,1.1761,20.6018,34,0.0000,0,0.0000,0.0000,17913.0000,0.5879,05:26:21,2021-10-21T05:26:21.313,0.1347,5.099267e+06,7.870447e+06,190.7156
36,63754.1121,63754.1121,0.4408,9.3032,1,1,553,681,0.0000,0.1121,0.1695,8.9196,2309.0440,0.3097,2021-10-21,284.9110,716.3464,284.9110,162.7465,3.9220,25.9832,55.0000,-35.0000,0.5947,0.6271,0.0000,0.0385,1476.1846,56.8130,294-032502 st2 4 juni 2021 50 m halv_000001.tif,92,88,137,515,52.3725,925.6684,395504B4-3E0C-4BA8-9BB4-16F84CB87766,1,3065.9952,1.3278,20.7938,34,0.0000,0,0.0000,0.0000,50749.0000,0.3442,05:26:21,2021-10-21T05:26:21.313,0.6023,1.210950e+07,1.924721e+08,423.2956
37,44800.5517,44800.5517,0.6807,9.3032,1,1,118,659,0.3593,0.4370,0.7692,2.2886,1071.6914,0.7487,2021-10-21,238.8343,322.5112,238.8343,176.2619,3.9220,4.9893,50.0000,-45.0000,0.4054,0.7116,0.0000,0.2004,555.6565,111.3690,294-032502 st2 4 juni 2021 50 m halv_000001.tif,44,42,227,515,36.7497,395.3860,E23C9FCA-AE1F-4CF2-BE36-68FF0CB9A62F,2,1334.0510,1.2448,20.1933,34,0.0000,0,0.0000,0.0000,26276.0000,0.3742,05:26:21,2021-10-21T05:26:21.313,0.2595,7.133273e+06,1.756440e+07,255.8380
38,52877.3339,52877.3339,0.6543,9.3032,1,1,320,640,0.0563,0.2083,0.5895,4.7998,1522.8548,0.4820,2021-10-21,259.4716,464.6427,259.4716,148.6467,3.9220,13.0021,65.0000,5.0000,0.6048,0.6231,0.0000,0.0769,962.9487,74.0609,294-032502 st2 4 juni 2021 50 m halv_000001.tif,70,47,271,515,37.5595,600.0564,8A1841F4-8241-4530-9EE5-75FFADFB084D,2,2074.0191,1.3619,24.8264,34,0.0000,0,0.0000,0.0000,30949.0000,0.2147,05:26:21,2021-10-21T05:26:21.313,0.4416,9.146778e+06,5.252379e+07,339.5668
39,91311.8929,91311.8929,0.9119,9.3032,1,1,715,506,0.9046,0.9358,0.9934,1.0686,1158.3191,1.0000,2021-10-21,340.9720,349.3873,340.9720,227.1478,3.9220,1.0000,20.0000,-40.0000,0.0000,1.1823,0.0000,1.0000,310.8190,310.8190,294-032502 st2 4 juni 2021 50 m halv_000001.tif,44,46,320,515,23.3075,367.4764,727BAD33-3FD8-4A23-84DA-2F987DAA932D,1,1243.2759,1.0733,17.4770,34,0.0000,0,0.0000,0.0000,30999.0000,0.9167,05:26:21,2021-10-21T05:26:21.313,0.0241,2.075653e+07,2.233160e+07,320.9604
40,47679.2434,47679.2434,0.7000,9.3032,1,1,366,493,0.7252,0.8665,0.9298,1.1540,887.5690,1.0000,2021-10-21,246.3881,263.3327,246.3881,196.9773,3.9220,1.0000,-60.0000,45.0000,0.0000,1.3197,0.0000,1.0000,243.2054,243.2054,294-032502 st2 4 juni 2021 50 m halv_000001.tif,38,36,368,515,27.6950,320.9604,5CED6DF3-E102-4226-9D92-CD1CB65EC9F1,1,972.8217,1.0961,18.8692,34,0.0000,0,0.0000,0.0000,20882.0000,0.8351,05:26:21,2021-10-21T05:26:21.313,0.0643,7.831732e+06,9.561209e+06,200.0188
41,71023.5358,71023.5358,0.8060,9.3032,1,1,405,304,0.8054,0.8923,0.9703,1.1207,1044.2609,1.0000,2021-10-21,300.7158,312.1745,300.7158,181.9029,3.9220,1.0000,-65.0000,40.0000,0.0000,1.2575,0.0000,1.0000,284.8361,284.8361,294-032502 st2 4 juni 2021 50 m halv_000001.tif,45,40,406,515,27.9127,358.1732,2073C67E-FB56-41DB-9800-9D93E3113C32,1,1139.3443,1.0911,19.0196,34,0.0000,0,0.0000,0.0000,29727.0000,0.8163,05:26:21,2021-10-21T05:26:21.313,0.0367,1.423860e+07,1.592908e+07,265.1412
42,47679.2434,48789.8644,0.4675,9.3032,1,1,960,198,0.0033,0.0997,0.2731,10.0295,1769.6435,0.3339,2021-10-21,246.3881,543.2036,249.2412,72.7004,3.9220,29.4747,-55.0000,30.0000,1.1355,0.4683,0.0000,0.0339,1400.6205,47.5194,294-032502 st2 4 juni 2021 50 m halv_000001.tif,70,67,448,515,70.2745,655.8756,CEA022E7-4CFC-433B-AC52-72B6BC16D57E,3,2896.2797,1.6366,20.5514,34,0.0000,0,0.0000,0.0000,52987.0000,0.0307,05:26:21,2021-10-21T05:26:21.313,0.5464,7.831732e+06,8.392408e+07,413.9924
43,96484.3829,96484.3829,0.4567,9.3032,1,1,353,159,0.1853,0.2770,0.6167,3.6106,1732.3768,0.5984,2021-10-21,350.4964,532.6082,350.4964,174.2311,3.9220,9.2348,-15.0000,45.0000,0.5667,0.6383,0.0000,0.1083,1056.6841,114.4237,294-032502 st2 4 juni 2021 50 m halv_000001.tif,63,78,517,515,30.8876,674.4820,4EA8AFC4-5D28-4704-AA12-6107CE696F41,2,2342.2155,1.3520,20.9735,34,0.0000,0,0.0000,0.0000,43150.0000,0.1859,05:26:21,2021-10-21T05:26:21.313,0.3419,2.254495e+07,7.910832e+07,348.8700
44,68594.9843,68594.9843,0.4432,9.3032,1,1,563,123,0.0000,0.1398,0.3743,7.1538,2268.7881,0.3592,2021-10-21,295.5298,702.3916,295.5298,123.3269,3.9220,20.4253,55.0000,-35.0000,0.5371,0.6506,0.0000,0.0490,1351.3453,66.1605,294-032502 st2 4 juni 2021 50 m halv_000001.tif,86,86,597,515,41.1868,879.1524,CCD42918-FAFA-4C83-A1ED-AA3A3CC98D5C,1,2835.0116,1.2496,26.5158,34,0.0000,0,0.0000,0.0000,42546.0000,0.1776,05:26:21,2021-10-21T05:26:21.313,0.5793,1.351457e+07,1.814415e+08,507.0244
45,66323.0482,66323.0482,0.1375,9.3032,1,1,240,32,0.0000,0.1636,0.1653,6.1124,2279.3594,0.5313,2021-10-21,290.5944,705.7510,290.5944,157.1336,3.9220,17.1444,-60.0000,35.0000,0.1453,0.8732,0.0000,0.0583,1219.9568,71.1576,294-032502 st2 4 juni 2021 50 m halv_000001.tif,103,74,685,515,44.8814,1065.2164,5A82800B-6825-4952-8025-81C2FB6C3BD4,1,2582.2288,1.1329,19.5923,34,0.0000,0,0.0000,0.0000,45016.0000,0.3590,05:26:21,2021-10-21T05:26:21.313,0.5882,1.284874e+07,1.840573e+08,181.4124
46,18006.6124,18006.6124,0.4837,9.3032,1,1,605,1902,0.4462,0.5800,0.6896,1.7240,711.7767,1.0000,2021-10-21,151.4158,206.9962,151.4158,71.0649,4.0320,3.0928,0.0000,-90.0000,0.0616,0.9419,0.0000,0.3233,301.2352,97.3999,294-032502 st2 4 juni 2021 50 m halv_000001.tif,18,39,761,515,36.6490,283.7476,89FBC95E-A898-47EB-9694-FF8A83E42A86,1,797.2703,1.1201,19.5942,35,0.0000,0,0.0000,0.0000,12424.0000,0.4758,05:26:21,2021-10-21T05:26:21.424,0.2685,1.817657e+06,4.643931e+06,97.6836
47,46275.1568,46275.1568,0.4391,9.3032,1,1,143,1800,0.3652,0.4257,0.6862,2.3490,1085.4788,0.8149,2021-10-21,242.7331,325.3534,242.7331,121.8031,4.0320,5.1869,0.0000,-75.0000,0.3278,0.7531,0.0000,0.1928,574.4198,110.7446,294-032502 st2 4 juni 2021 50 m halv_000001.tif,33,55,802,515,32.8980,432.5988,DAB78B63-A2DE-41D8-8EFA-68890D5440E1,1,1370.3288,1.2624,19.4608,35,0.0000,0,0.0000,0.0000,24180.0000,0.4858,05:26:21,2021-10-21T05:26:21.424,0.2539,7.488342e+06,1.803286e+07,200.0188
48,53399.1887,53399.1887,0.1267,9.3032,1,1,186,1609,0.0000,0.1430,0.1421,6.9918,2188.1415,0.4690,2021-10-21,260.7488,677.8414,260.7488,151.4468,4.0320,19.9150,5.0000,-80.0000,0.1748,0.8512,0.0000,0.0502,1196.8049,60.0956,294-032502 st2 4 juni 2021 50 m halv_000001.tif,39,117,859,515,44.9374,1018.7004,4B9AA6BB-69DA-46DB-B5A5-60775CB6BD85,1,2513.8009,1.1488,18.6448,35,0.0000,0,0.0000,0.0000,37343.0000,0.3355,05:26:21,2021-10-21T05:26:21.424,0.6153,9.282518e+06,1.630733e+08,162.8060
49,646006.5162,648819.4927,0.4115,9.3032,1,1,546,1601,0.0000,0.0772,0.4580,12.9517,5834.7289,0.4329,2021-10-21,906.9295,1839.4492,908.9019,150.8502,4.0320,38.6631,-65.0000,20.0000,1.0294,0.4928,0.0000,0.0259,5239.2281,135.5096,294-032502 st2 4 juni 2021 50 m halv_000001.tif,261,141,978,515,27.6224,2581.6380,B1D08095-69B2-4B02-9689-61CDBCCFA8FE,3,10749.4755,1.8423,21.3134,35,0.0000,0,0.0000,0.0000,225647.0000,0.4928,05:26:21,2021-10-21T05:26:21.424,0.5070,3.905882e+08,3.258832e+09,916.3652
50,19163.1606,19163.1606,0.7863,9.3032,1,1,641,1549,0.7687,0.8702,0.9449,1.1491,595.5257,1.0000,2021-10-21,156.2027,170.0420,156.2027,186.3651,4.0320,1.0000,30.0000,-65.0000,0.0000,1.1995,0.0000,1.0000,166.7564,166.7564,294-032502 st2 4 juni 2021 50 m halv_000001.tif,25,27,1121,515,33.9747,200.0188,3210A32A-F082-4EC6-87E4-4E0CD661B94B,1,667.0255,1.1201,20.7040,35,0.0000,0,0.0000,0.0000,12095.0000,0.7142,05:26:21,2021-10-21T05:26:21.424,0.0814,1.995559e+06,2.574349e+06,144.1996
51,281317.6271,281317.6271,0.4975,9.3032,1,1,107,1462,0.0000,0.1971,0.4823,5.0742,3173.6797,0.5557,2021-10-21,598.4854,991.3081,598.4854,156.2429,4.0320,13.8691,15.0000,-90.0000,0.5613,0.6405,0.0000,0.0721,2113.4229,152.3835,294-032502 st2 4 juni 2021 50 m halv_000001.tif,77,148,0,778,27.7393,1353.6156,D4DF4C06-EFB9-430C-A985-CA0867899034,1,4531.6129,1.4279,18.9813,35,0.0000,0,0.0000,0.0000,103218.0000,0.2487,05:26:21,2021-10-21T05:26:21.424,0.3963,1.122430e+08,5.100638e+08,637.2692
52,37921.0156,37921.0156,0.5365,9.3032,1,1,73,1427,0.4876,0.6509,0.7879,1.5364,870.3786,0.9200,2021-10-21,219.7329,258.1638,219.7329,168.3368,4.0320,2.4122,-80.0000,-15.0000,0.1553,0.8655,0.0000,0.4146,360.0694,149.2692,294-032502 st2 4 juni 2021 50 m halv_000001.tif,41,29,150,778,34.9678,311.6572,6790154D-3C7E-4009-B5A7-E8C1997C055A,1,1018.6771,1.1704,19.1807,35,0.0000,0,0.0000,0.0000,21715.0000,0.5728,05:26:21,2021-10-21T05:26:21.424,0.1489,5.554996e+06,9.009167e+06,172.1092
53,167175.0142,167175.0142,0.9762,9.3032,1,1,902,1323,0.5255,0.3614,0.8833,2.7674,1875.7614,0.7791,2021-10-21,461.3609,578.6069,461.3609,134.8490,4.0320,6.5412,75.0000,25.0000,0.6681,0.5995,0.0000,0.1529,1140.6033,174.3734,294-032502 st2 4 juni 2021 50 m halv_000001.tif,80,65,181,778,39.4282,683.7852,B151DF3C-7970-49C9-9009-DD3F99D6166F,1,2629.9532,1.4021,27.3697,35,0.0000,0,0.0000,0.0000,90606.0000,0.5174,05:26:21,2021-10-21T05:26:21.424,0.2026,5.141867e+07,1.014261e+08,497.7212
54,42448.7606,42448.7606,0.7624,9.3032,1,1,1018,1109,0.7773,0.8670,0.9538,1.1534,839.2073,1.0000,2021-10-21,232.4811,247.0521,232.4811,191.9765,4.0320,1.0000,-60.0000,45.0000,0.0000,1.2664,0.0000,1.0000,231.4113,231.4113,294-032502 st2 4 juni 2021 50 m halv_000001.tif,36,34,248,778,28.5051,293.0508,39B78A21-A27D-489E-A512-E33EFA459D5D,1,925.6451,1.1030,20.3026,35,0.0000,0,0.0000,0.0000,19469.0000,0.8121,05:26:21,2021-10-21T05:26:21.424,0.0590,6.579022e+06,7.895217e+06,200.0188
55,23649.6251,23649.6251,0.6279,9.3032,1,1,611,1001,0.3728,0.1045,0.3345,9.5687,1069.0326,0.4123,2021-10-21,173.5271,321.4777,173.5271,91.4745,4.0320,28.0253,-80.0000,20.0000,1.8966,0.3452,0.0000,0.0357,1010.5286,36.0577,294-032502 st2 4 juni 2021 50 m halv_000001.tif,48,43,284,778,64.5558,348.8700,E0FA2320-6EAF-4E92-BA7E-B9E1C1371D85,4,2093.1726,1.9580,25.5310,35,0.0000,0,0.0000,0.0000,27178.0000,0.1181,05:26:21,2021-10-21T05:26:21.424,0.4602,2.735900e+06,1.739606e+07,265.1412
56,804238.5907,804238.5907,0.8197,9.3032,1,1,863,898,0.5698,0.6032,0.9373,1.6578,3755.6321,0.8462,2021-10-21,1011.9231,1176.5962,1011.9231,210.4499,4.0320,2.8581,-75.0000,-20.0000,0.1128,0.8986,0.0000,0.3499,1578.8330,552.4078,294-032502 st2 4 juni 2021 50 m halv_000001.tif,155,121,329,778,16.6280,1418.7380,5DB8C37D-259C-4632-8DCB-6933D33FD270,2,4262.4816,1.1350,15.1183,35,0.0000,0,0.0000,0.0000,167560.0000,0.7061,05:26:21,2021-10-21T05:26:21.424,0.1400,5.425517e+08,8.528662e+08,1000.0940
57,41862.3334,43403.0198,0.5505,9.3032,1,1,715,686,0.2110,0.0802,0.2655,12.4624,1523.0576,0.3634,2021-10-21,230.8696,464.1264,235.0796,100.7719,4.0320,37.1248,20.0000,-35.0000,1.7956,0.3577,0.0000,0.0269,1495.4411,40.2814,294-032502 st2 4 juni 2021 50 m halv_000001.tif,65,61,452,778,74.2015,534.9340,3FBC9E6E-C679-4F07-8B5A-AB143A1A9341,5,3071.4450,2.0166,22.9768,35,0.0000,0,0.0000,0.0000,50086.0000,0.4957,05:26:21,2021-10-21T05:26:21.424,0.5026,6.443160e+06,5.234889e+07,376.7796
58,29215.1907,29215.1907,0.8149,9.3032,1,1,881,524,0.8477,0.9248,0.9766,1.0813,692.2362,1.0000,2021-10-21,192.8677,201.3110,192.8677,210.4143,4.0320,1.0000,-80.0000,30.0000,0.0000,1.1889,0.0000,1.0000,191.7073,191.7073,294-032502 st2 4 juni 2021 50 m halv_000001.tif,32,28,515,778,31.8580,227.9284,6A8CA619-3235-4B3D-AD4E-1D3A5715E028,1,766.8293,1.1078,21.4753,35,0.0000,0,0.0000,0.0000,15929.0000,0.9054,05:26:21,2021-10-21T05:26:21.424,0.0419,3.756444e+06,4.271705e+06,172.1092
59,81552.2421,81552.2421,0.4851,9.3032,1,1,235,209,0.0000,0.1320,0.3888,7.5784,2437.2895,0.3243,2021-10-21,322.2352,756.4023,322.2352,140.7770,4.0320,21.7623,-10.0000,30.0000,0.8079,0.5531,0.0000,0.0460,1505.2821,69.1692,294-032502 st2 4 juni 2021 50 m halv_000001.tif,85,98,545,778,38.1804,832.6364,5678F186-4E23-4BF5-A19E-6E0806BD36A7,2,3148.9025,1.2920,24.1807,35,0.0000,0,0.0000,0.0000,45931.0000,0.2232,05:26:21,2021-10-21T05:26:21.424,0.5740,1.751934e+07,2.265985e+08,674.4820
60,298807.3550,298807.3550,0.6267,9.3032,1,1,107,87,0.4795,0.5071,0.8726,1.9720,2284.5812,0.8979,2021-10-21,616.8090,707.5605,616.8090,123.7033,4.0320,3.9415,60.0000,-10.0000,0.3919,0.7185,0.0000,0.2537,1158.9050,294.0237,294-032502 st2 4 juni 2021 50 m halv_000001.tif,93,66,645,778,22.2697,832.6364,127AEC8A-4C6D-45C9-A042-071129B9D950,1,2905.8573,1.2719,17.9982,35,0.0000,0,0.0000,0.0000,87676.0000,0.7081,05:26:21,2021-10-21T05:26:21.424,0.1283,1.228714e+08,1.854767e+08,497.7212
61,223375.0668,240249.9007,0.4027,9.3032,1,1,371,8,0.0000,0.3831,0.5854,2.6103,2334.5534,0.8377,2021-10-21,533.3010,724.6160,553.0784,140.4577,4.0320,6.0348,-50.0000,45.0000,0.2951,0.7721,0.0000,0.1657,1295.2478,214.6285,294-032502 st2 4 juni 2021 50 m halv_000001.tif,89,83,713,778,33.1699,1000.0940,2458261A-A712-44B0-8615-EBAE54997A25,1,3019.7527,1.2935,20.3063,35,0.0000,0,0.0000,0.0000,99576.0000,0.4135,05:26:21,2021-10-21T05:26:21.424,0.2640,7.941743e+07,1.992152e+08,413.9924
62,70415.9121,70415.9121,0.5237,9.3032,1,1,846,1857,0.3706,0.4813,0.7506,2.0777,1274.1495,0.8703,2021-10-21,299.4267,385.8242,299.4267,102.6069,4.1410,4.2945,-90.0000,-5.0000,0.2139,0.8238,0.0000,0.2329,626.7927,145.9539,294-032502 st2 4 juni 2021 50 m halv_000001.tif,63,36,798,778,53.6358,516.3276,D9ED0809-DCAC-450B-8695-E719EEEB84F7,1,1545.4932,1.2130,18.9058,36,0.0000,0,0.0000,0.0000,56693.0000,0.5545,05:26:21,2021-10-21T05:26:21.535,0.2239,1.405627e+07,3.007232e+07,246.5348
63,450790.3744,462933.1659,0.6761,9.3032,1,1,899,1783,0.0000,0.1326,0.6617,7.5402,3772.3741,0.5909,2021-10-21,757.6042,1182.2814,767.7401,82.1806,4.1410,21.6419,-40.0000,85.0000,1.3073,0.4334,0.0000,0.0462,3337.8420,154.2304,294-032502 st2 4 juni 2021 50 m halv_000001.tif,101,155,836,778,54.2264,1446.6476,105B919C-21D8-4D92-9ACC-03100EFCE24D,3,6984.1448,1.8514,20.9164,36,0.0000,0,0.0000,0.0000,314513.0000,0.2258,05:26:21,2021-10-21T05:26:21.535,0.3592,2.276805e+08,8.652889e+08,823.3332
64,62472.1032,62472.1032,0.2859,9.3032,1,1,772,1720,0.0118,0.3742,0.4744,2.6727,1479.2023,0.8754,2021-10-21,282.0318,451.7225,282.0318,138.6646,4.1410,6.2360,-80.0000,15.0000,0.0929,0.9150,0.0000,0.1604,716.8114,114.9468,294-032502 st2 4 juni 2021 50 m halv_000001.tif,76,32,993,778,36.8141,655.8756,2CAB7976-792D-418E-A2F7-F1664924EC19,1,1663.5164,1.1246,23.1911,36,0.0000,0,0.0000,0.0000,35047.0000,0.4435,05:26:21,2021-10-21T05:26:21.535,0.3757,1.174608e+07,4.826293e+07,162.8060
65,832007.0694,832007.0694,0.8109,9.3032,1,1,951,1552,0.6973,0.7809,0.9576,1.2805,3461.3709,0.9669,2021-10-21,1029.2445,1082.7892,1029.2445,194.9598,4.1410,1.1632,-20.0000,70.0000,0.0000,1.1859,0.0000,0.8597,1023.7738,880.1428,294-032502 st2 4 juni 2021 50 m halv_000001.tif,118,135,1027,778,15.6980,1214.0676,F36869FB-D7FE-46B3-879C-86A1EC9EEE55,1,3807.8333,1.1001,12.9869,36,0.0000,0,0.0000,0.0000,163432.0000,0.7147,05:26:21,2021-10-21T05:26:21.535,0.0495,5.708925e+08,6.647072e+08,962.8812
66,78033.1953,78033.1953,0.2325,9.3032,1,1,358,1367,0.0000,0.1006,0.0894,9.9417,3912.3724,0.1917,2021-10-21,315.2062,1226.4716,315.2062,126.9482,4.1410,29.1985,65.0000,-15.0000,0.0000,1.0310,0.0000,0.0342,1709.9336,58.5624,294-032502 st2 4 juni 2021 50 m halv_000001.tif,198,87,0,935,43.5627,1762.9564,241BC31B-CBAC-404E-B513-5559EA94C724,7,3536.9920,0.9041,23.8591,36,0.0000,0,0.0000,0.0000,50402.0000,0.2846,05:26:21,2021-10-21T05:26:21.535,0.7430,1.639770e+07,9.659865e+08,395.3860
67,52281.3664,52281.3664,0.8210,9.3032,1,1,243,1220,0.3855,0.3784,0.7355,2.6425,1164.1764,0.7218,2021-10-21,258.0052,351.1958,258.0052,125.9858,4.1410,6.1387,5.0000,-90.0000,0.5555,0.6429,0.0000,0.1629,658.4407,107.2601,294-032502 st2 4 juni 2021 50 m halv_000001.tif,39,53,89,935,37.4289,423.2956,29950093-A106-4BB5-B6AD-44BE1179E5FC,2,1531.4016,1.3154,23.5090,36,0.0000,0,0.0000,0.0000,30542.0000,0.2859,05:26:21,2021-10-21T05:26:21.535,0.2654,8.992578e+06,2.268018e+07,283.7476
68,105629.6174,105629.6174,0.3481,9.3032,1,1,385,960,0.0000,0.1851,0.4117,5.4020,2557.3343,0.5188,2021-10-21,366.7312,794.6486,366.7312,84.3498,4.1410,14.9039,-70.0000,15.0000,0.1694,0.8552,0.0000,0.0671,1397.9405,93.7969,294-032502 st2 4 juni 2021 50 m halv_000001.tif,130,58,144,935,42.4884,1195.4612,7BB7B61C-38E8-4A8E-ACFB-14F2E2FC51AE,2,2983.4748,1.1666,24.8562,36,0.0000,0,0.0000,0.0000,64370.0000,0.0954,05:26:21,2021-10-21T05:26:21.535,0.5385,2.582512e+07,2.627387e+08,311.6572
69,54668.0115,54668.0115,0.6200,9.3032,1,1,368,728,0.6316,0.8323,0.8875,1.2015,963.2803,1.0000,2021-10-21,263.8285,287.8819,263.8285,134.4433,4.1410,1.0000,-75.0000,0.0000,0.0000,1.3963,0.0000,1.0000,263.1743,263.1743,294-032502 st2 4 juni 2021 50 m halv_000001.tif,46,32,204,935,31.6851,367.4764,88CB1636-9497-4517-93B3-BAB49F653681,1,1052.6971,1.0928,20.5504,36,0.0000,0,0.0000,0.0000,26869.0000,0.8220,05:26:21,2021-10-21T05:26:21.535,0.0836,9.615319e+06,1.249229e+07,218.6252
70,29215.1907,29215.1907,0.5065,9.3032,1,1,61,699,0.1287,0.2028,0.2858,4.9314,1319.7594,0.4431,2021-10-21,192.8677,401.0712,192.8677,131.9013,4.1410,13.4178,-90.0000,5.0000,0.4001,0.7142,0.0000,0.0745,762.0044,56.7907,294-032502 st2 4 juni 2021 50 m halv_000001.tif,69,35,238,935,51.4060,544.2372,FDF1845C-8E80-47D0-8ECB-660964D33DB3,3,1637.5902,1.2408,21.8086,36,0.0000,0,0.0000,0.0000,25703.0000,0.3684,05:26:21,2021-10-21T05:26:21.535,0.5191,3.756444e+06,3.378026e+07,227.9284
71,17871.0620,17871.0620,0.6867,9.3032,1,1,172,692,0.7605,0.9240,0.9333,1.0822,566.5556,1.0000,2021-10-21,150.8448,160.4802,150.8448,184.4407,4.1410,1.0000,85.0000,0.0000,0.0000,1.2703,0.0000,1.0000,157.4532,157.4532,294-032502 st2 4 juni 2021 50 m halv_000001.tif,29,21,275,935,33.6409,200.0188,7DBF4799-581C-4F40-B1F2-BDD952CAAB48,1,629.8127,1.1117,19.2353,36,0.0000,0,0.0000,0.0000,11337.0000,0.9013,05:26:21,2021-10-21T05:26:21.535,0.0600,1.797171e+06,2.164029e+06,116.2900
72,31140.7332,31140.7332,0.7386,9.3032,1,1,636,608,0.2662,0.4664,0.5616,2.1439,1038.5255,0.5941,2021-10-21,199.1221,311.1399,199.1221,133.5728,4.1410,4.5136,-25.0000,80.0000,0.2042,0.8304,0.0000,0.2216,453.7329,100.5252,294-032502 st2 4 juni 2021 50 m halv_000001.tif,35,49,298,935,60.7400,376.7796,E8ED29F4-3CD3-45EE-8A08-D8A75720E13A,2,1108.5163,1.0674,17.9051,36,0.0000,0,0.0000,0.0000,32010.0000,0.2087,05:26:21,2021-10-21T05:26:21.535,0.3600,4.133872e+06,1.577124e+07,227.9284
73,256198.8721,259667.1345,0.7481,9.3032,1,1,68,406,0.3459,0.4157,0.8532,2.4055,2446.7676,0.7089,2021-10-21,571.1414,759.2444,574.9943,147.3393,4.1410,5.3710,-90.0000,20.0000,0.5048,0.6645,0.0000,0.1862,1266.9435,235.8870,294-032502 st2 4 juni 2021 50 m halv_000001.tif,101,86,349,935,25.6457,841.9396,38D64D8C-1D80-47C2-ACDB-ACA7EC9002A7,3,3005.6611,1.2284,20.9468,36,0.0000,0,0.0000,0.0000,87452.0000,0.5240,05:26:21,2021-10-21T05:26:21.535,0.2478,9.755053e+07,2.291624e+08,627.9660
74,63603.2008,66020.4881,0.4615,9.3032,1,1,866,331,0.0000,0.1856,0.4862,5.3876,1889.9014,0.4439,2021-10-21,284.5736,582.2250,289.9308,88.4978,4.1410,14.8582,70.0000,0.0000,0.5135,0.6607,0.0000,0.0673,1133.4393,76.2837,294-032502 st2 4 juni 2021 50 m halv_000001.tif,89,48,437,935,75.5812,748.9076,B4545402-DAFE-446E-8301-198821C2CB2A,4,2419.4460,1.2802,19.5444,36,0.0000,0,0.0000,0.0000,73087.0000,0.1915,05:26:21,2021-10-21T05:26:21.535,0.5112,1.206653e+07,1.033406e+08,367.4764
75,542379.3072,543368.1107,0.7208,9.3032,1,1,521,148,0.0000,0.0686,0.2561,14.5775,7004.9979,0.2185,2021-10-21,831.0107,2210.0273,831.7679,155.4383,4.1410,43.7739,-65.0000,-30.0000,1.1981,0.4549,0.0000,0.0228,5122.4894,117.0216,294-032502 st2 4 juni 2021 50 m halv_000001.tif,242,254,487,935,29.9754,2330.4516,F450E07C-8E8A-457A-9C65-CBFBCE3942C8,3,10479.0221,1.4959,24.2262,36,0.0000,0,0.0000,0.0000,207250.0000,0.1101,05:26:21,2021-10-21T05:26:21.535,0.6240,3.004820e+08,5.651862e+09,2004.8396
76,18754.0909,18754.0909,0.3496,9.3032,1,1,121,1754,0.1606,0.2797,0.3009,3.5752,895.4404,0.6050,2021-10-21,154.5265,265.3998,154.5265,106.8796,4.2660,9.1221,-85.0000,0.0000,0.4305,0.6991,0.0000,0.1096,525.6706,57.6261,294-032502 st2 4 juni 2021 50 m halv_000001.tif,47,23,743,935,51.8400,367.4764,ECB6B1DA-3A62-4763-9B1C-6C1F5EB54695,1,1166.5934,1.3028,17.5468,37,0.0000,0,0.0000,0.0000,18144.0000,0.1312,05:26:21,2021-10-21T05:26:21.647,0.4178,1.932003e+06,9.788148e+06,134.8964
77,28575.8005,28575.8005,0.7704,9.3032,1,1,836,1749,0.5190,0.5092,0.8219,1.9640,811.8103,0.8245,2021-10-21,190.7455,239.0401,190.7455,159.7708,4.2660,3.9148,50.0000,-70.0000,0.4862,0.6729,0.0000,0.2554,407.8752,104.1883,294-032502 st2 4 juni 2021 50 m halv_000001.tif,34,33,768,935,38.5927,274.4444,42457E17-D3C1-49AC-8F46-B7BAC80D66FA,1,1024.1270,1.2615,23.7273,37,0.0000,0,0.0000,0.0000,18949.0000,0.2936,05:26:21,2021-10-21T05:26:21.647,0.2020,3.633803e+06,7.151730e+06,200.0188
78,43843.9856,44947.8522,0.3105,9.3032,1,1,364,1691,0.0000,0.2106,0.2397,4.7489,1787.0591,0.3484,2021-10-21,236.2708,549.6638,239.2266,117.1813,4.2660,12.8413,-80.0000,20.0000,0.1492,0.8702,0.0000,0.0779,892.6800,69.5165,294-032502 st2 4 juni 2021 50 m halv_000001.tif,93,47,803,935,54.9416,776.8172,5633D658-16AA-4E81-B858-C7377C73409A,4,1924.3930,1.0768,19.4439,37,0.0000,0,0.0000,0.0000,38569.0000,0.3105,05:26:21,2021-10-21T05:26:21.647,0.5702,6.906036e+06,8.695407e+07,311.6572
79,66550.0253,66550.0253,0.4407,9.3032,1,1,219,1541,0.1967,0.3056,0.6237,3.2720,1293.7886,0.7627,2021-10-21,291.0913,392.8016,291.0913,140.4734,4.2660,8.1565,-25.0000,60.0000,0.6321,0.6127,0.0000,0.1226,842.7225,103.3185,294-032502 st2 4 juni 2021 50 m halv_000001.tif,43,61,852,935,34.8002,516.3276,98DCB8C6-2BA5-440C-8629-B6477D84940E,1,1892.0820,1.4624,21.9411,37,0.0000,0,0.0000,0.0000,35009.0000,0.1087,05:26:21,2021-10-21T05:26:21.647,0.2589,1.291475e+07,3.173352e+07,274.4444
80,196473.9029,196473.9029,0.3534,9.3032,1,1,267,1416,0.0000,0.1008,0.2279,9.9204,3760.5628,0.2604,2021-10-21,500.1583,1176.8548,500.1583,113.2825,4.2660,29.1314,-50.0000,30.0000,0.7807,0.5616,0.0000,0.0343,2592.6473,88.9982,294-032502 st2 4 juni 2021 50 m halv_000001.tif,144,128,915,935,42.9295,1455.9508,B973E310-9315-4B40-B9B0-62175B554EBB,7,5363.2911,1.4262,22.4941,37,0.0000,0,0.0000,0.0000,114450.0000,0.0724,05:26:21,2021-10-21T05:26:21.647,0.5750,6.551204e+07,8.534288e+08,934.9716
81,20670.8256,20670.8256,0.2960,9.3032,1,1,814,1207,0.0000,0.4485,0.2431,2.2296,1092.7408,0.5265,2021-10-21,162.2310,329.2300,162.2310,231.4659,4.2660,4.7960,35.0000,-45.0000,0.0000,1.1626,0.0000,0.2085,396.1120,82.5921,294-032502 st2 4 juni 2021 50 m halv_000001.tif,44,49,1045,935,37.0185,460.5084,489D79F6-E2B7-4F9C-B17B-34B099E77D54,2,957.4081,0.8762,22.1610,37,0.0000,0,0.0000,0.0000,13993.0000,0.1711,05:26:21,2021-10-21T05:26:21.647,0.5072,2.235633e+06,1.868516e+07,134.8964
82,100276.7082,100276.7082,0.4913,9.3032,1,1,623,1139,0.4131,0.6584,0.7774,1.5188,1371.6359,0.9548,2021-10-21,357.3182,418.6440,357.3182,198.7310,4.2660,2.3449,60.0000,-20.0000,0.0000,1.0046,0.0000,0.4265,541.7235,231.0230,294-032502 st2 4 juni 2021 50 m halv_000001.tif,60,43,1096,935,25.9454,544.2372,FBF0A692-D8BC-4B5F-ADD3-29BBC966E220,1,1545.4932,1.1268,18.7723,37,0.0000,0,0.0000,0.0000,37517.0000,0.6329,05:26:21,2021-10-21T05:26:21.647,0.1465,2.388713e+07,3.841787e+07,265.1412
83,62321.3894,62321.3894,0.6035,9.3032,1,1,476,798,0.0395,0.1786,0.5718,5.5996,1761.8112,0.4657,2021-10-21,281.6914,541.6528,281.6914,91.6089,4.2660,15.5274,-60.0000,40.0000,0.8264,0.5475,0.0000,0.0644,1129.9085,72.7688,294-032502 st2 4 juni 2021 50 m halv_000001.tif,64,66,0,1179,48.4200,618.6628,FF1DB524-869D-4FD2-BA83-F53912B8A938,1,2405.3545,1.3653,25.9232,37,0.0000,0,0.0000,0.0000,45999.0000,0.2152,05:26:21,2021-10-21T05:26:21.647,0.4799,1.170360e+07,8.320732e+07,469.8116
84,152128.1605,152128.1605,0.7215,9.3032,1,1,927,689,0.3013,0.4405,0.8390,2.2704,1748.3960,0.8027,2021-10-21,440.1086,536.7425,440.1086,202.6977,4.2660,4.9297,-55.0000,70.0000,0.6310,0.6131,0.0000,0.2029,948.3678,192.3794,294-032502 st2 4 juni 2021 50 m halv_000001.tif,63,66,68,1179,24.2106,581.4500,E6710D59-E0A2-478C-9DE5-819971800C0E,1,2281.4944,1.3049,19.8951,37,0.0000,0,0.0000,0.0000,51036.0000,0.1877,05:26:21,2021-10-21T05:26:21.647,0.1800,4.463528e+07,8.096488e+07,469.8116
85,24068.3466,24068.3466,0.5793,9.3032,1,1,183,645,0.2844,0.2454,0.4014,4.0756,952.6486,0.5545,2021-10-21,175.0565,284.0062,175.0565,142.2344,4.2660,10.7106,-65.0000,0.0000,0.9050,0.5249,0.0000,0.0934,629.1481,58.7408,294-032502 st2 4 juni 2021 50 m halv_000001.tif,41,35,136,1179,48.6136,330.2636,D14A063D-BA22-49A9-B379-8E400E7ED487,2,1375.7777,1.4442,23.3290,37,0.0000,0,0.0000,0.0000,20758.0000,0.2486,05:26:21,2021-10-21T05:26:21.647,0.3836,2.808880e+06,1.199450e+07,237.2316
86,104930.6007,104930.6007,0.3059,9.3032,1,1,319,442,0.0000,0.1692,0.3807,5.9100,2239.3909,0.5146,2021-10-21,365.5158,695.1556,365.5158,144.0925,4.2660,16.5061,75.0000,-20.0000,0.5382,0.6501,0.0000,0.0606,1466.7876,88.8633,294-032502 st2 4 juni 2021 50 m halv_000001.tif,111,60,173,1179,38.4037,953.5780,0781814E-3042-41DB-8FC6-D69FF5D9F046,3,3111.3017,1.3894,23.9645,37,0.0000,0,0.0000,0.0000,57836.0000,0.2631,05:26:21,2021-10-21T05:26:21.647,0.4742,2.556919e+07,1.758914e+08,283.7476
87,29001.9200,29001.9200,0.7072,9.3032,1,1,460,416,0.5752,0.4550,0.8499,2.1976,821.4595,0.8148,2021-10-21,192.1624,242.4005,192.1624,158.4257,4.2660,4.6908,15.0000,-55.0000,0.5831,0.6317,0.0000,0.2132,449.1944,95.7606,294-032502 st2 4 juni 2021 50 m halv_000001.tif,33,36,235,1179,35.2153,283.7476,49733C07-E3CE-4A5D-99D2-1F706A19C8FE,1,1089.9099,1.3268,22.0265,37,0.0000,0,0.0000,0.0000,17502.0000,0.4395,05:26:21,2021-10-21T05:26:21.647,0.2073,3.715386e+06,7.457597e+06,218.6252
88,43329.5582,43329.5582,0.6398,9.3032,1,1,524,336,0.3898,0.3104,0.7802,3.2217,1117.7237,0.6992,2021-10-21,234.8806,336.7237,234.8806,133.4079,4.2660,7.9961,80.0000,30.0000,0.8407,0.5433,0.0000,0.1251,693.5264,86.7334,294-032502 st2 4 juni 2021 50 m halv_000001.tif,48,41,273,1179,37.1237,376.7796,B0B6EBB1-0596-4DCE-BB89-CB2C39FA6231,1,1560.5197,1.3962,23.7736,37,0.0000,0,0.0000,0.0000,25801.0000,0.2302,05:26:21,2021-10-21T05:26:21.647,0.3025,6.784849e+06,1.999032e+07,255.8380
89,703890.0140,742204.0277,0.7187,9.3032,1,1,380,52,0.0000,0.0394,0.4494,25.3984,5749.3106,0.3496,2021-10-21,946.6893,1811.0232,972.1129,98.9370,4.2660,77.7785,-75.0000,-15.0000,2.7777,0.2647,0.0000,0.0129,7925.0649,101.8928,294-032502 st2 4 juni 2021 50 m halv_000001.tif,232,185,316,1179,51.5613,2097.8716,BF2813FE-C93C-4B7E-85E1-BB0BA1707125,11,16053.9154,2.7923,27.0373,37,0.0000,0,0.0000,0.0000,457246.0000,0.2154,05:26:21,2021-10-21T05:26:21.647,0.4773,4.442434e+08,3.110074e+09,1372.2220
90,67988.6687,73914.0285,0.8323,9.3032,1,1,808,1697,0.6933,0.6178,0.9276,1.6186,1175.7942,0.8993,2021-10-21,294.2208,354.8138,306.7740,135.2047,4.3750,2.7168,-70.0000,-25.0000,0.2584,0.7946,0.0000,0.3681,509.2726,187.4519,294-032502 st2 4 juni 2021 50 m halv_000001.tif,49,43,503,1179,38.2166,404.6892,355570A2-59F7-4BFA-9A3A-C5853A1B4D0B,1,1393.4491,1.1851,25.2204,38,0.0000,0,0.0000,0.0000,39172.0000,0.6720,05:26:21,2021-10-21T05:26:21.760,0.1708,1.333579e+07,2.338838e+07,293.0508
91,57211.6577,57886.2693,0.7442,9.3032,1,1,1019,1688,0.2907,0.3900,0.8182,2.5641,1009.6512,0.9101,2021-10-21,269.8965,301.3204,271.4831,122.0897,4.3750,5.8855,-40.0000,20.0000,0.9840,0.5040,0.0000,0.1699,673.6937,114.4669,294-032502 st2 4 juni 2021 50 m halv_000001.tif,43,40,548,1179,49.3946,339.5668,8CD9BEBA-B727-47EA-9C05-BFEF6212F423,1,1576.3212,1.5613,28.4517,38,0.0000,0,0.0000,0.0000,43566.0000,0.4037,05:26:21,2021-10-21T05:26:21.760,0.1043,1.029415e+07,1.432466e+07,255.8380
92,879271.2896,880020.5943,0.5487,9.3032,1,1,565,1626,0.0000,0.0804,0.4311,12.4313,6269.6702,0.3895,2021-10-21,1058.0751,1977.1886,1058.5259,145.3671,4.3750,37.0270,-55.0000,60.0000,1.5565,0.3912,0.0000,0.0270,5934.0474,160.2627,294-032502 st2 4 juni 2021 50 m halv_000001.tif,224,203,590,1179,27.5878,2321.1484,0B804BCC-562E-466F-B27A-B430282C8603,4,12188.6200,1.9441,21.9203,38,0.0000,0,0.0000,0.0000,302886.0000,0.1189,05:26:21,2021-10-21T05:26:21.760,0.4649,6.202234e+08,4.047091e+09,1697.8340
93,75056.9052,75056.9052,0.6114,9.3032,1,1,854,1570,0.0251,0.2882,0.5457,3.4699,1608.1707,0.5522,2021-10-21,309.1366,492.8110,309.1366,171.6183,4.3750,8.7874,-50.0000,85.0000,0.6943,0.5902,0.0000,0.1138,922.1090,104.9359,294-032502 st2 4 juni 2021 50 m halv_000001.tif,51,65,795,1179,33.9275,544.2372,A8FB9E75-7684-4856-84A5-CD4BD2054EC9,2,2054.0898,1.2773,22.3755,38,0.0000,0,0.0000,0.0000,37931.0000,0.4123,05:26:21,2021-10-21T05:26:21.760,0.3727,1.546856e+07,6.266712e+07,386.0828
94,55938.8542,55938.8542,0.5598,9.3032,1,1,756,1253,0.4518,0.5312,0.7998,1.8827,1037.4733,0.8982,2021-10-21,266.8774,311.6572,266.8774,148.3629,4.3750,3.6398,-90.0000,0.0000,0.3855,0.7218,0.0000,0.2747,522.0122,143.4168,294-032502 st2 4 juni 2021 50 m halv_000001.tif,49,32,862,1179,34.8578,376.7796,C73F09DD-7AB7-4669-8B58-F4B2C0F1EFB7,1,1330.8581,1.2828,23.6988,38,0.0000,0,0.0000,0.0000,30152.0000,0.4164,05:26:21,2021-10-21T05:26:21.760,0.1437,9.952545e+06,1.585003e+07,218.6252
95,97335.0450,99811.9291,0.5285,9.3032,1,1,373,1071,0.1604,0.2485,0.5165,4.0246,1662.9461,0.6310,2021-10-21,352.0381,509.8675,356.4891,108.0043,4.3750,10.5488,-85.0000,0.0000,0.8534,0.5396,0.0000,0.0948,1146.6084,108.6956,294-032502 st2 4 juni 2021 50 m halv_000001.tif,74,47,896,1179,43.8161,618.6628,4F8BFA52-1C37-45D6-86CB-E059DA1D561D,2,2510.6081,1.5097,24.9026,38,0.0000,0,0.0000,0.0000,61693.0000,0.1219,05:26:21,2021-10-21T05:26:21.760,0.3095,2.284376e+07,6.940176e+07,358.1732
96,110762.8507,110762.8507,0.4067,9.3032,1,1,717,1060,0.0953,0.3626,0.5290,2.7576,1791.2270,0.7031,2021-10-21,375.5365,551.7319,375.5365,145.1133,4.3750,6.5097,20.0000,-70.0000,0.2923,0.7738,0.0000,0.1536,943.7983,144.9831,294-032502 st2 4 juni 2021 50 m halv_000001.tif,53,83,945,1179,35.7356,730.3012,C3EBBC08-B14B-4492-B83C-DC582E1B65EB,2,2177.5628,1.2157,24.3616,38,0.0000,0,0.0000,0.0000,56498.0000,0.3621,05:26:21,2021-10-21T05:26:21.760,0.3193,2.773033e+07,8.793926e+07,320.9604
97,26877.1413,26877.1413,0.5990,9.3032,1,1,948,749,0.6485,0.8167,0.8667,1.2245,711.0901,1.0000,2021-10-21,184.9893,207.5135,184.9893,187.5946,4.3750,1.0000,-55.0000,45.0000,0.0000,1.3920,0.0000,1.0000,197.1571,197.1571,294-032502 st2 4 juni 2021 50 m halv_000001.tif,30,30,1030,1179,34.0493,274.4444,13405204-D4CF-40AF-8AEB-8F6314A037CF,1,788.6285,1.1090,21.2457,38,0.0000,0,0.0000,0.0000,15901.0000,0.7912,05:26:21,2021-10-21T05:26:21.760,0.1085,3.314656e+06,4.678832e+06,144.1996
98,21774.5110,21774.5110,0.4802,9.3032,1,1,738,711,0.2890,0.1420,0.3756,7.0410,917.6407,0.5786,2021-10-21,166.5058,273.4108,166.5058,99.3494,4.3750,20.0700,60.0000,-20.0000,1.3097,0.4330,0.0000,0.0498,827.2836,41.2199,294-032502 st2 4 juni 2021 50 m halv_000001.tif,44,30,1062,1179,69.7157,358.1732,15FB93CF-04E3-4E3C-97E0-A61F859FE028,1,1737.0070,1.8929,21.7459,38,0.0000,0,0.0000,0.0000,27468.0000,0.4598,05:26:21,2021-10-21T05:26:21.760,0.3910,2.417054e+06,1.070153e+07,162.8060
99,35528.1983,35528.1983,0.5590,9.3032,1,1,402,577,0.5754,0.8044,0.8362,1.2431,811.9200,1.0000,2021-10-21,212.6873,240.0747,212.6873,205.6024,4.3750,1.0000,-65.0000,10.0000,0.0000,1.3982,0.0000,1.0000,222.9061,222.9061,294-032502 st2 4 juni 2021 50 m halv_000001.tif,39,28,1094,1179,25.5748,311.6572,190571EB-3B21-4C45-B269-53310FB0AAC6,1,891.6243,1.0982,16.2320,38,0.0000,0,0.0000,0.0000,15038.0000,0.7064,05:26:21,2021-10-21T05:26:21.760,0.1141,5.037599e+06,7.244986e+06,162.8060
100,28930.8609,28930.8609,0.7428,9.3032,1,1,830,1421,0.7975,0.9174,0.9528,1.0900,698.0945,1.0000,2021-10-21,191.9269,202.6032,191.9269,233.0000,4.4850,1.0000,-40.0000,45.0000,0.0000,1.2375,0.0000,1.0000,191.7073,191.7073,294-032502 st2 4 juni 2021 50 m halv_000001.tif,30,30,1124,1179,29.5141,237.2316,2A658AAE-4BFF-4EAF-B602-5E68F36C9E24,1,766.8293,1.0985,21.2186,39,0.0000,0,0.0000,0.0000,14639.0000,0.8528,05:26:21,2021-10-21T05:26:21.870,0.0527,3.701739e+06,4.354494e+06,153.5028
101,17803.3285,17803.3285,0.5577,9.3032,1,1,819,1153,0.2998,0.0841,0.2804,11.8906,1084.2052,0.3206,2021-10-21,150.5586,326.3870,150.5586,133.9430,4.4850,35.3270,-30.0000,-80.0000,1.8298,0.3534,0.0000,0.0283,1013.5742,28.6912,294-032502 st2 4 juni 2021 50 m halv_000001.tif,45,46,0,1413,68.9018,358.1732,D787F249-2947-4192-8A35-2B15227DE6A0,4,2084.5308,1.9226,23.7892,39,0.0000,0,0.0000,0.0000,23151.0000,0.2616,05:26:21,2021-10-21T05:26:21.870,0.5387,1.786963e+06,1.820527e+07,283.7476
102,20189.8320,20189.8320,0.6390,9.3032,1,1,345,1080,0.6980,0.8664,0.8987,1.1542,611.8305,1.0000,2021-10-21,160.3324,174.6936,160.3324,216.7143,4.4850,1.0000,75.0000,0.0000,0.0000,1.3360,0.0000,1.0000,170.6098,170.6098,294-032502 st2 4 juni 2021 50 m halv_000001.tif,32,22,48,1413,29.6765,227.9284,13BF29A9-5AA1-4824-94DF-D7F3E033EB2E,1,682.4390,1.1154,18.3610,39,0.0000,0,0.0000,0.0000,11010.0000,0.7735,05:26:21,2021-10-21T05:26:21.870,0.0822,2.158057e+06,2.791450e+06,125.5932
103,35239.0342,35239.0342,0.5981,9.3032,1,1,347,739,0.5615,0.7327,0.8349,1.3649,831.7135,0.9758,2021-10-21,211.8200,246.0175,211.8200,195.8953,4.4850,1.6996,-55.0000,35.0000,0.0000,1.0633,0.0000,0.5884,293.0953,172.4522,294-032502 st2 4 juni 2021 50 m halv_000001.tif,33,36,72,1413,29.3818,311.6572,CEFD0AB0-DE78-42FC-BE31-E61ED1CA189F,1,931.0950,1.1195,18.1323,39,0.0000,0,0.0000,0.0000,17159.0000,0.5600,05:26:21,2021-10-21T05:26:21.870,0.1390,4.976223e+06,7.796449e+06,172.1092
104,21774.5110,21774.5110,0.5897,9.3032,1,1,848,698,0.6442,0.8531,0.8653,1.1722,642.8223,1.0000,2021-10-21,166.5058,184.5132,166.5058,159.0308,4.4850,1.0000,-90.0000,0.0000,0.0000,1.3389,0.0000,1.0000,177.1883,177.1883,294-032502 st2 4 juni 2021 50 m halv_000001.tif,34,22,110,1413,40.5127,237.2316,0C6ED46A-C275-45C7-8D78-2C2A80559FFE,1,708.7531,1.1026,23.5164,39,0.0000,0,0.0000,0.0000,15962.0000,0.8091,05:26:21,2021-10-21T05:26:21.870,0.0976,2.417054e+06,3.289127e+06,125.5932
105,1799790.1349,1897014.8735,0.3358,9.3032,1,1,461,420,0.0000,0.3512,0.5658,2.8476,7115.7367,0.8198,2021-10-21,1513.7913,2245.1720,1554.1410,205.3697,4.4850,6.7989,-70.0000,25.0000,0.1408,0.8766,0.0000,0.1471,3688.0758,542.4488,294-032502 st2 4 juni 2021 50 m halv_000001.tif,329,178,134,1413,17.5699,3232.8620,8DD362D6-D190-4B1E-9376-E6B18751EBEA,2,8461.0492,1.1891,15.8854,39,0.0000,0,0.0000,0.0000,385852.0000,0.5018,05:26:21,2021-10-21T05:26:21.870,0.3258,1.816338e+09,5.925806e+09,1009.3972
106,38357.4075,38357.4075,0.4066,9.3032,1,1,561,64,0.0000,0.2083,0.3069,4.8018,1488.4004,0.4267,2021-10-21,220.9936,455.3395,220.9936,83.2440,4.4850,13.0085,-85.0000,-15.0000,0.4685,0.6810,0.0000,0.0769,840.1931,64.5882,294-032502 st2 4 juni 2021 50 m halv_000001.tif,70,43,314,1413,67.7799,572.1468,22B249DD-4C77-4B09-934B-EE338A77B770,2,1809.5626,1.2158,17.8735,39,0.0000,0,0.0000,0.0000,42498.0000,0.1954,05:26:21,2021-10-21T05:26:21.870,0.5147,5.651161e+06,4.943161e+07,283.7476
107,24977.9726,24977.9726,0.6537,9.3032,1,1,445,1834,0.7157,0.8727,0.9100,1.1459,665.1304,1.0000,2021-10-21,178.3338,192.2664,178.3338,153.0147,4.5940,1.0000,40.0000,-30.0000,0.0000,1.2814,0.0000,1.0000,185.1290,185.1290,294-032502 st2 4 juni 2021 50 m halv_000001.tif,30,28,359,1413,30.3250,237.2316,72A408ED-1229-4E31-936E-30D5970E85D9,1,740.5161,1.1133,16.4636,40,0.0000,0,0.0000,0.0000,13343.0000,0.7652,05:26:21,2021-10-21T05:26:21.984,0.0725,2.969611e+06,3.721424e+06,144.1996
108,20258.4737,20258.4737,0.4357,9.3032,1,1,560,1660,0.0000,0.0894,0.0700,11.1840,2345.5460,0.1397,2021-10-21,160.6048,727.4581,160.6048,107.3586,4.5940,33.1053,-20.0000,70.0000,0.0000,1.0047,0.0000,0.0302,1032.4110,31.1857,294-032502 st2 4 juni 2021 50 m halv_000001.tif,70,120,389,1413,64.8172,1037.3068,BFB6D851-E4B2-4652-A9D2-1DD1C06FA53D,7,2127.1934,0.9069,14.6769,40,0.0000,0,0.0000,0.0000,24112.0000,0.1365,05:26:21,2021-10-21T05:26:21.984,0.7792,2.169072e+06,2.015685e+08,311.6572
109,1103128.1270,1222106.3033,0.6306,9.3032,1,1,395,1117,0.0436,0.0663,0.6772,15.0795,6287.6635,0.5774,2021-10-21,1185.1356,1982.0989,1247.4109,112.6200,4.5940,45.3517,-75.0000,15.0000,2.0464,0.3283,0.0000,0.0220,7694.6228,169.6656,294-032502 st2 4 juni 2021 50 m halv_000001.tif,281,182,511,1413,49.5487,2525.8188,26AF6DF1-6C93-4019-81B9-82B9B7C5EE0F,8,15728.5770,2.5015,25.1606,40,0.0000,0,0.0000,0.0000,676934.0000,0.3834,05:26:21,2021-10-21T05:26:21.984,0.4021,8.715709e+08,4.077318e+09,1381.5252
110,58036.2547,58036.2547,0.6699,9.3032,1,1,504,905,0.1686,0.4745,0.6238,2.1074,1444.3544,0.6079,2021-10-21,271.8346,440.0935,271.8346,123.6870,4.5940,4.3930,5.0000,-90.0000,0.1930,0.8382,0.0000,0.2276,582.6896,132.6413,294-032502 st2 4 juni 2021 50 m halv_000001.tif,50,60,695,1413,40.3987,488.4180,18EFA81A-F657-4F93-828B-F74E97977B6D,2,1430.6619,0.9905,22.9512,40,0.0000,0,0.0000,0.0000,36076.0000,0.3675,05:26:21,2021-10-21T05:26:21.984,0.3823,1.051751e+07,4.463067e+07,376.7796
111,69808.6098,69808.6098,0.5973,9.3032,1,1,170,818,0.5435,0.6924,0.8447,1.4443,1142.9642,0.9731,2021-10-21,298.1327,344.2184,298.1327,179.8678,4.5940,2.0496,0.0000,75.0000,0.0000,1.0244,0.0000,0.4879,431.3715,210.4693,294-032502 st2 4 juni 2021 50 m halv_000001.tif,35,56,757,1413,26.5291,441.9020,331B5EA5-2275-47A9-B5F5-B52868E5167F,1,1283.6816,1.1231,17.8963,40,0.0000,0,0.0000,0.0000,27829.0000,0.6968,05:26:21,2021-10-21T05:26:21.984,0.1339,1.387482e+07,2.135506e+07,227.9284
112,178855.7654,178855.7654,0.6428,9.3032,1,1,683,689,0.4964,0.4817,0.8792,2.0759,1736.7363,0.9007,2021-10-21,477.2067,533.6418,477.2067,202.7443,4.5940,4.2885,40.0000,-70.0000,0.4949,0.6690,0.0000,0.2332,952.6319,222.1358,294-032502 st2 4 juni 2021 50 m halv_000001.tif,64,66,815,1413,23.1162,637.2692,D8E6D351-A08A-45FE-AB0E-662F9FD75F58,1,2349.5353,1.3528,20.2825,40,0.0000,0,0.0000,0.0000,56519.0000,0.6739,05:26:21,2021-10-21T05:26:21.984,0.1058,5.690078e+07,7.956977e+07,460.5084
113,119657.1176,119657.1176,0.4824,9.3032,1,1,768,597,0.0588,0.4608,0.6895,2.1701,1778.1690,0.7475,2021-10-21,390.3232,547.0803,390.3232,178.2634,4.5940,4.6001,30.0000,-35.0000,0.1543,0.8663,0.0000,0.2174,821.4907,178.5796,294-032502 st2 4 juni 2021 50 m halv_000001.tif,66,71,883,1413,31.1499,711.6948,4C9F2790-35A6-4C18-99DC-DDBB7A5CB20E,2,2000.1406,1.1248,21.2986,40,0.0000,0,0.0000,0.0000,52799.0000,0.2132,05:26:21,2021-10-21T05:26:21.984,0.2865,3.113663e+07,8.573374e+07,302.3540
114,192562.0530,192562.0530,0.4551,9.3032,1,1,777,361,0.0000,0.1344,0.4378,7.4410,2780.7507,0.5002,2021-10-21,495.1541,865.9726,495.1541,161.9977,4.5940,21.3296,70.0000,-15.0000,1.0816,0.4804,0.0000,0.0469,2197.9869,103.0489,294-032502 st2 4 juni 2021 50 m halv_000001.tif,116,79,956,1413,33.0191,1055.9132,B30DE51E-928B-4D53-B33C-509F78DAA730,1,4602.0716,1.6550,25.3108,40,0.0000,0,0.0000,0.0000,86411.0000,0.2158,05:26:21,2021-10-21T05:26:21.984,0.4282,6.356526e+07,3.400251e+08,637.2692
115,41935.6026,41935.6026,0.4516,9.3032,1,1,430,230,0.0000,0.4431,0.4133,2.2571,1391.0796,0.5815,2021-10-21,231.0716,422.7783,231.0716,186.1261,4.5940,4.8861,-40.0000,55.0000,0.0000,1.1223,0.0000,0.2047,534.6706,109.4272,294-032502 st2 4 juni 2021 50 m halv_000001.tif,52,64,1037,1413,34.1997,600.0564,76DA58AA-14AC-4994-AB9B-EC62A6A09388,3,1288.1955,0.9260,20.5351,40,0.0000,0,0.0000,0.0000,23119.0000,0.3058,05:26:21,2021-10-21T05:26:21.984,0.4534,6.460084e+06,3.956734e+07,209.3220
116,43035.8066,43035.8066,0.7317,9.3032,1,1,958,1833,0.7632,0.8963,0.9475,1.1157,837.1596,1.0000,2021-10-21,234.0831,247.5684,234.0831,95.4535,4.7040,1.0000,40.0000,-50.0000,0.0000,1.3208,0.0000,1.0000,228.9201,228.9201,294-032502 st2 4 juni 2021 50 m halv_000001.tif,32,36,1103,1413,37.9320,302.3540,62CE4853-F679-4B0C-84F7-669D0AADC39C,1,915.6805,1.0938,23.8727,41,0.0000,0,0.0000,0.0000,26211.0000,0.8703,05:26:22,2021-10-21T05:26:22.095,0.0545,6.715970e+06,7.944822e+06,200.0188
117,27300.9114,27300.9114,0.8008,9.3032,1,1,430,1477,0.6699,0.5797,0.9103,1.7249,765.0384,0.9229,2021-10-21,186.4419,225.0853,186.4419,147.7727,4.7040,3.0959,-70.0000,40.0000,0.4440,0.6925,0.0000,0.3230,356.0039,114.9929,294-032502 st2 4 juni 2021 50 m halv_000001.tif,32,33,1141,1413,34.4017,246.5348,112BEBB4-92E7-4293-A437-ED0D785AFA48,1,941.9937,1.2313,20.9645,41,0.0000,0,0.0000,0.0000,16272.0000,0.4898,05:26:22,2021-10-21T05:26:22.095,0.1717,3.393357e+06,5.970906e+06,200.0188
118,137932.6271,137932.6271,0.5926,9.3032,1,1,805,1460,0.3722,0.4130,0.7748,2.4214,1717.1400,0.8130,2021-10-21,419.0719,527.6980,419.0719,176.7826,4.7040,5.4225,-85.0000,0.0000,0.5148,0.6602,0.0000,0.1844,951.2334,175.4222,294-032502 st2 4 juni 2021 50 m halv_000001.tif,75,49,0,1744,38.2303,627.9660,A571D414-E78D-4423-9B96-DF278B19CDDE,1,2253.3113,1.3122,27.4574,41,0.0000,0,0.0000,0.0000,73708.0000,0.4433,05:26:22,2021-10-21T05:26:22.095,0.2058,3.853579e+07,7.694048e+07,376.7796
119,67231.2479,67231.2479,0.4001,9.3032,1,1,664,1385,0.0000,0.1984,0.4120,5.0415,1978.2371,0.4096,2021-10-21,292.5773,611.1681,292.5773,102.6933,4.7040,13.7656,40.0000,-50.0000,0.3989,0.7149,0.0000,0.0726,1099.6704,79.8855,294-032502 st2 4 juni 2021 50 m halv_000001.tif,67,81,51,1744,57.1202,786.1204,CB87FB32-3349-4718-99C7-89680600A5D1,2,2359.1120,1.1925,22.1187,41,0.0000,0,0.0000,0.0000,57977.0000,0.2779,05:26:22,2021-10-21T05:26:22.095,0.5213,1.311356e+07,1.195311e+08,386.0828
120,52579.2913,52579.2913,0.4192,9.3032,1,1,520,1375,0.3127,0.5946,0.6701,1.6817,1076.3365,0.9157,2021-10-21,258.7393,323.8035,258.7393,190.4513,4.7040,2.9435,20.0000,-75.0000,0.0565,0.9465,0.0000,0.3397,457.0576,155.2772,294-032502 st2 4 juni 2021 50 m halv_000001.tif,34,51,134,1744,34.1476,432.5988,B3E1438B-D8B8-41FD-AC0A-FFD84D0770A4,1,1224.6695,1.1378,21.1933,41,0.0000,0,0.0000,0.0000,28001.0000,0.6894,05:26:22,2021-10-21T05:26:22.095,0.2009,9.069553e+06,1.777637e+07,181.4124
121,24347.8863,24347.8863,0.8832,9.3032,1,1,162,1239,0.8840,0.9332,0.9881,1.0716,636.8208,1.0000,2021-10-21,176.0701,183.9968,176.0701,198.8923,4.7040,1.0000,-85.0000,-25.0000,0.0000,1.1288,0.0000,1.0000,177.1883,177.1883,294-032502 st2 4 juni 2021 50 m halv_000001.tif,29,27,187,1744,29.1926,200.0188,69670266-848B-4027-9AB7-245BA21D763A,1,708.7531,1.1130,17.7458,41,0.0000,0,0.0000,0.0000,12582.0000,0.8331,05:26:22,2021-10-21T05:26:22.095,0.0431,2.857957e+06,3.261592e+06,162.8060
122,61417.6043,64131.4902,0.4621,9.3032,1,1,869,1174,0.0504,0.2857,0.4212,3.5007,1588.1511,0.5806,2021-10-21,279.6414,485.8336,285.7530,162.6348,4.7040,8.8851,55.0000,-45.0000,0.3195,0.7578,0.0000,0.1125,865.4527,97.4048,294-032502 st2 4 juni 2021 50 m halv_000001.tif,72,50,216,1744,54.5736,655.8756,0F96EDB0-BDE0-40BC-AD24-B556A2928700,1,1925.7150,1.2126,21.0290,41,0.0000,0,0.0000,0.0000,51190.0000,0.3912,05:26:22,2021-10-21T05:26:22.095,0.4244,1.144994e+07,6.004283e+07,283.7476
123,109672.9577,109672.9577,0.7983,9.3032,1,1,996,1040,0.1366,0.2574,0.8001,3.8851,1677.1902,0.7134,2021-10-21,373.6843,514.7768,373.6843,171.5212,4.7040,10.1065,-45.0000,65.0000,0.8924,0.5284,0.0000,0.0989,1170.7573,115.8422,294-032502 st2 4 juni 2021 50 m halv_000001.tif,56,72,268,1744,30.5756,618.6628,ADC630FB-34C2-42ED-B103-6D5CA96CF6C3,1,2573.1991,1.5342,24.9733,41,0.0000,0,0.0000,0.0000,47912.0000,0.0809,05:26:22,2021-10-21T05:26:22.095,0.2741,2.732204e+07,7.142585e+07,376.7796
124,148573.5545,149284.1812,0.5873,9.3032,1,1,317,1010,0.4022,0.3804,0.7802,2.6288,1873.3268,0.7435,2021-10-21,434.9365,576.7984,435.9754,160.4469,4.7040,6.0944,60.0000,-55.0000,0.5939,0.6274,0.0000,0.1641,1045.4241,171.5386,294-032502 st2 4 juni 2021 50 m halv_000001.tif,70,77,342,1744,28.1440,655.8756,891EEB50-EFCB-403F-8EF4-1AEBC56FBE93,1,2433.9255,1.2993,20.3503,41,0.0000,0,0.0000,0.0000,58061.0000,0.5495,05:26:22,2021-10-21T05:26:22.095,0.2459,4.308004e+07,1.004779e+08,441.9020
125,458419.6631,458419.6631,0.2907,9.3032,1,1,521,681,0.0000,0.1615,0.2355,6.1930,4164.6073,0.4805,2021-10-21,763.9882,1306.3246,763.9882,174.3147,4.7040,17.3984,-15.0000,75.0000,0.7355,0.5762,0.0000,0.0575,2978.8943,171.2167,294-032502 st2 4 juni 2021 50 m halv_000001.tif,104,191,421,1744,28.3932,1716.4404,DA7D3C64-C172-47AA-BFE8-A1C9A9536DA6,2,6300.2219,1.5128,22.8260,41,0.0000,0,0.0000,0.0000,167321.0000,0.3284,05:26:22,2021-10-21T05:26:22.095,0.4152,2.334848e+08,1.167218e+09,767.5140
126,77651.2397,77651.2397,0.6845,9.3032,1,1,934,556,0.6174,0.6576,0.9013,1.5206,1184.4471,0.9305,2021-10-21,314.4338,357.9146,314.4338,124.8571,4.7040,2.3519,-75.0000,-5.0000,0.1440,0.8741,0.0000,0.4252,484.2507,205.8955,294-032502 st2 4 juni 2021 50 m halv_000001.tif,52,41,614,1744,47.2422,423.2956,F34C6352-8AEF-4EC7-801A-B3BBECC70282,1,1380.2925,1.1653,28.1346,41,0.0000,0,0.0000,0.0000,54423.0000,0.6699,05:26:22,2021-10-21T05:26:22.095,0.1215,1.627745e+07,2.400694e+07,293.0508
127,64660.0577,64660.0577,0.6232,9.3032,1,1,394,458,0.0700,0.1329,0.4094,7.5259,1808.6239,0.3920,2021-10-21,286.9281,557.6747,286.9281,162.4053,4.7040,21.5971,5.0000,65.0000,0.9027,0.5256,0.0000,0.0463,1354.1441,62.7002,294-032502 st2 4 juni 2021 50 m halv_000001.tif,59,84,657,1744,38.3344,711.6948,F0CB1961-4C6C-4860-BABA-1EFE3FF69272,3,2833.6887,1.5668,24.0885,41,0.0000,0,0.0000,0.0000,37606.0000,0.4741,05:26:22,2021-10-21T05:26:22.095,0.4855,1.236853e+07,9.081165e+07,432.5988
128,107028.3598,109283.8420,0.6024,9.3032,1,1,341,140,0.0000,0.1235,0.5554,8.0999,2990.0969,0.3545,2021-10-21,369.1514,932.9044,373.0208,83.5593,4.7040,23.4038,-85.0000,20.0000,0.2789,0.7819,0.0000,0.0427,1778.7533,76.0029,294-032502 st2 4 juni 2021 50 m halv_000001.tif,162,63,743,1744,52.0633,1390.8284,4C07BD91-7C17-4EC7-98E5-D643BD4A5D53,7,3709.5124,1.2406,25.5251,41,0.0000,0,0.0000,0.0000,79813.0000,0.1387,05:26:22,2021-10-21T05:26:22.095,0.6043,2.633978e+07,4.251186e+08,413.9924
129,26313.0744,26313.0744,0.3565,9.3032,1,1,457,77,0.0464,0.2641,0.3861,3.7863,1062.2561,0.6576,2021-10-21,183.0378,319.6682,183.0378,163.0400,4.7040,9.7930,-60.0000,20.0000,0.3276,0.7532,0.0000,0.1021,623.7300,63.6914,294-032502 st2 4 juni 2021 50 m halv_000001.tif,51,34,808,1744,47.0959,469.8116,406FF0F5-78A8-4436-8B8E-8850C23724C0,1,1374.8427,1.2943,21.1731,41,0.0000,0,0.0000,0.0000,21617.0000,0.0863,05:26:22,2021-10-21T05:26:22.095,0.4274,3.210859e+06,1.710397e+07,153.5028
130,23928.6938,23928.6938,0.5915,9.3032,1,1,608,65,0.6423,0.8307,0.8645,1.2039,673.9927,1.0000,2021-10-21,174.5479,194.3336,174.5479,148.5652,4.7040,1.0000,10.0000,-90.0000,0.0000,1.3718,0.0000,1.0000,186.4915,186.4915,294-032502 st2 4 juni 2021 50 m halv_000001.tif,23,35,844,1744,36.5906,255.8380,FA1EF4D9-0F5C-4913-AD5E-10F183DF4921,1,745.9659,1.1068,21.5452,41,0.0000,0,0.0000,0.0000,15551.0000,0.8545,05:26:22,2021-10-21T05:26:22.095,0.1018,2.784468e+06,3.842752e+06,134.8964
131,60289.0914,60289.0914,0.6425,9.3032,1,1,401,1891,0.5774,0.7521,0.8635,1.3296,1059.1814,1.0000,2021-10-21,277.0604,317.3424,277.0604,62.1858,4.8130,1.5185,-15.0000,-90.0000,0.0000,1.0551,0.0000,0.6586,348.2879,229.3655,294-032502 st2 4 juni 2021 50 m halv_000001.tif,29,47,881,1744,24.9599,367.4764,E91FFD96-FE3C-4182-AADA-966F5D0106D8,1,1155.3067,1.0908,14.3933,42,0.0000,0,0.0000,0.0000,23038.0000,0.7004,05:26:22,2021-10-21T05:26:22.207,0.1269,1.113581e+07,1.673335e+07,200.0188
132,82855.0018,82855.0018,0.5614,9.3032,1,1,157,1767,0.0980,0.2947,0.5289,3.3927,1658.6647,0.5626,2021-10-21,324.7988,509.8675,324.7988,107.5990,4.8130,8.5416,-70.0000,20.0000,0.5123,0.6612,0.0000,0.1171,949.6874,111.1844,294-032502 st2 4 juni 2021 50 m halv_000001.tif,73,54,930,1744,35.8877,627.9660,B22219C0-9953-48BF-AA51-AA7E77D90C89,4,2121.7436,1.2792,21.0261,42,0.0000,0,0.0000,0.0000,43783.0000,0.0629,05:26:22,2021-10-21T05:26:22.207,0.3630,1.794080e+07,6.940176e+07,376.7796
133,148099.8862,148099.8862,0.3930,9.3032,1,1,788,1676,0.1299,0.2813,0.5819,3.5550,1907.9858,0.7708,2021-10-21,434.2426,588.1688,434.2426,139.4074,4.8130,9.0578,-70.0000,20.0000,0.6748,0.5971,0.0000,0.1104,1269.8759,140.1967,294-032502 st2 4 juni 2021 50 m halv_000001.tif,88,53,986,1744,32.6184,758.2108,E1FA469D-3501-4E3C-938F-66F12DF27465,2,2820.1451,1.4781,25.9023,42,0.0000,0,0.0000,0.0000,67096.0000,0.2966,05:26:22,2021-10-21T05:26:22.207,0.2617,4.287419e+07,1.065380e+08,376.7796
134,130859.0994,130859.0994,0.9389,9.3032,1,1,511,1642,0.3558,0.3832,0.8428,2.6099,1741.7181,0.6963,2021-10-21,408.1850,534.4167,408.1850,119.1449,4.8130,6.0335,-90.0000,40.0000,0.6327,0.6125,0.0000,0.1657,979.6945,162.3751,294-032502 st2 4 juni 2021 50 m halv_000001.tif,75,66,1041,1744,30.0098,600.0564,6505E8EA-37D0-4B36-8146-04ED7C71B4BB,3,2284.1393,1.3114,22.2439,42,0.0000,0,0.0000,0.0000,55158.0000,0.1940,05:26:22,2021-10-21T05:26:22.207,0.2362,3.560981e+07,7.991693e+07,413.9924
135,47531.3011,47531.3011,0.9851,9.3032,1,1,308,1455,0.7586,0.7230,0.9578,1.3831,893.3658,0.9716,2021-10-21,246.0056,264.8826,246.0056,159.2525,4.8130,1.7850,25.0000,-30.0000,0.2012,0.8325,0.0000,0.5602,340.8467,190.9517,294-032502 st2 4 juni 2021 50 m halv_000001.tif,38,35,1109,1744,51.5984,283.7476,5F616153-A210-4E32-8789-F020EC20C10E,1,1063.5967,1.1906,18.8377,42,0.0000,0,0.0000,0.0000,38802.0000,0.8109,05:26:22,2021-10-21T05:26:22.207,0.0713,7.795309e+06,9.731029e+06,237.2316
